LawID,LegislatorID,LegislatorName,LegislatorReligion,LegislatorRuleBegin,LegislatorRuleEnd,TerID,TerShortLabel,TerSeq,TerLabel,TerType1,TerType2,TerReligion,TerPublished,TerEditor,Date,Year,Form,Canton,Canton_rec,Scope_clean2,Scope_clean3,Scope_clean4,Scope_clean5,Scope_clean6,Scope_clean7,Scope_clean8,Scope_clean9,Scope_clean10,Scope_clean11,Scope_clean12,Scope_clean13,Archive,StAB,Archive_folder,Pages,Title,Matters_level2_num01,Matters_level2_01,Matters_level3_01,Matters_level4_01,Matters_01_addinfo,Matters_level2_num02,Matters_level2_02,Matters_level3_02,Matters_level4_02,Matters_02_addinfo,Matters_level2_num03,Matters_level2_03,Matters_level3_03,Matters_level4_03,Matters_03_addinfo,Matters_level2_num04,Matters_level2_04,Matters_level3_04,Matters_level4_04,Matters_04_addinfo,Matters_level2_num05,Matters_level2_05,Matters_level3_05,Matters55,Matters_level4_05,Matters_level2_num06,Matters_level2_06,Matters_level3_06,Matters_level4_06,Matters_06_addinfo,Matters_level2_num07,Matters_level2_07,Matters_level3_07,Matters_level4_07,Matters_07_addinfo,Matters_level2_num08,Matters_level2_08,Matters_level3_08,Matters_level4_08,Matters_08_addinfo,Matters_level2_num09,Matters_level2_09,Matters_level3_09,Matters_level4_09,Matters_09_addinfo,Matters_level2_num10,Matters_level2_10,Matters_level3_10,Matters_level4_10,Matters_10_addinfo,Matters_level2_num11,Matters_level2_11,Matters_level3_11,Matters_level4_11,Matters_level2_num12,Matters_level2_12,Matters_level3_12,Matters_level4_12,Matters_level2_num13,Matters_level2_13,Matters_level3_13,Matters_level4_13,Matters_level2_num14,Matters_level2_14,Matters_level3_14,Matters_level4_14,Matters_14_addinfo,Matters_level2_num15,Matters_level2_15,Matters_level3_15,Matters_level4_15,Matters_level2_num16,Matters_level2_16,Matters_level3_16,Matters_level4_16,Matters_level2_num17,Matters_level2_17,Matters_level3_17,Matters_level4_17,Matters_17_addinfo,Matters_level2_num18,Matters_level2_18,Matters_level3_18,Matters_level4_18,Matters_18_addinfo,Matters_level2_num19,Matters_level2_19,Matters_level3_19,Matters_level4_19,Matters_level2_num20,Matters_level2_20,Matters_level3_20,Matters_level4_20,Matters_level2_num21,Matters_level2_21,Matters_level3_21,Matters_level4_21,Matters_level2_num22,Matters_level2_22,Matters_level3_22,Matters_level4_22,Matters_22_addinfo,Matters_level2_num23,Matters_level2_23,Matters_level3_23,Matters_level4_23,Matters_23_addinfo,Matters_level2_num24,Matters_level2_24,Matters_level3_24,Matters_level4_24,Matters_24_addinfo,Matters_level2_num25,Matters_level2_25,Matters_level3_25,Matters_level4_25,Matters_level2_num26,Matters_level2_26,Matters_level3_26,Matters_level4_26
BER.01.001.0075,BER.01.001,SchultheiÃŸ und Kleiner und GroÃŸer Rat der Stadt Bern,EV,1528,1798,BER,BER,1,Bern,EidgenÃ¶ssischer Ort,WL,EV,7,Claudia Schott-Volm, ,1566,Verordnung,Canton of Aargau,Controlled by Bern,Canton Aargau, , , , , , , , , , , ,"StAB, A I 480, S. 5 f.",StAB,A I 480,S. 5 f.,Verpott der Kilchwychinen.,1.1,Religionsangelegenheiten,Sonntagsheiligung,",KrÃ¤mer", ,1.3,Randgruppen,Fahrende Leute,",Landstreicher", ,1.4,Aufwand und Luxus,Aufwand/Luxus,",Hochzeit", ,1.5,Sittlichkeit; Ehe- und Familie; SexualitÃ¤t,Uneheliche Schwangerschaft/Kinder, , ,1.5, , , , ,2.2, , , , , , , , , , , , , , , , , , , , , , , , , , , , , , , , , , , , , , , , , , , , , , , , , , , , , , , , , , , , , , , , , , , , , , , , , , , , , , , , , , , , , , , , , , , , , , 
BER.01.001.0366,BER.01.001,SchultheiÃŸ und Kleiner und GroÃŸer Rat der Stadt Bern,EV,1528,1798,BER,BER,1,Bern,EidgenÃ¶ssischer Ort,WL,EV,7,Claudia Schott-Volm,10/28/1602,1602,Verordnung,Canton of Bern,Canton of Bern,Signau, , , , , , , , , , , ,"StAB, A I 481, S. 78",StAB,A I 481,S. 78,Der Thoufferen unnd deren halben so vor Empfachung des Herren Nachtmals sich in die WirtshÃ¼ser verfÃ¼gen.,1.1,Religionsangelegenheiten,Kirchenzucht,",Entweihung Sakramente", ,1.1,Religionsangelegenheiten,Sekten/Ketzerei,",TÃ¤ufer", ,4.6,Handel und Dienstleistungen,Bewirtung/GaststÃ¤tten,",Alkoholausschank", , , , , , , , , , , , , , , , , , , , , , , , , , , , , , , , , , , , , , , , , , , , , , , , , , , , , , , , , , , , , , , , , , , , , , , , , , , , , , , , , , , , , , , , , , , , , , , , , , , , , , , , , , 
BER.01.001.0392,BER.01.001,SchultheiÃŸ und Kleiner und GroÃŸer Rat der Stadt Bern,EV,1528,1798,BER,BER,1,Bern,EidgenÃ¶ssischer Ort,WL,EV,7,Claudia Schott-Volm,8/7/1604,1604,Verordnung,Canton of Bern,Canton of Bern,Bolligen,Bremgarten bei Bern,BÃ¼mpliz,KÃ¶niz,Muri, , , , , , , ,"StAB, A I 481, S. 118",StAB,A I 481,S. 118,Den Predikanten.,1.1,Religionsangelegenheiten,Geistlichkeit,",AmtsfÃ¼hrung", ,1.5,Sittlichkeit; Ehe- und Familie; SexualitÃ¤t,EheschlieÃŸung,",Bedingungen", , , , , , , , , , , , , , , , , , , , , , , , , , , , , , , , , , , , , , , , , , , , , , , , , , , , , , , , , , , , , , , , , , , , , , , , , , , , , , , , , , , , , , , , , , , , , , , , , , , , , , , , , , , , , , , 
BER.01.001.4933,BER.01.001,SchultheiÃŸ und Kleiner und GroÃŸer Rat der Stadt Bern,EV,1528,1798,BER,BER,1,Bern,EidgenÃ¶ssischer Ort,WL,EV,7,Claudia Schott-Volm,11/15/1615,1615,Verordnung,Canton of Fribourg,Controlled by Bern,Murten, , , , , , , , , , , ,"StAB, A I 482, S. 356",StAB,A I 482,S. 356,Wegen Abstellung der Ã¼berflÃ¼ssigen GevÃ¤terten.,1.1,Religionsangelegenheiten,Geistlichkeit,",AmtsausÃ¼bung; Taufe; Patenschaft", ,1.1,Religionsangelegenheiten,Kirchenzucht,",AmtsausÃ¼bung; Taufe; Patenschaft", , , , , , , , , , , , , , , , , , , , , , , , , , , , , , , , , , , , , , , , , , , , , , , , , , , , , , , , , , , , , , , , , , , , , , , , , , , , , , , , , , , , , , , , , , , , , , , , , , , , , , , , , , , , , , , 
BER.01.001.0753,BER.01.001,SchultheiÃŸ und Kleiner und GroÃŸer Rat der Stadt Bern,EV,1528,1798,BER,BER,1,Bern,EidgenÃ¶ssischer Ort,WL,EV,7,Claudia Schott-Volm,6/30/1624,1624,Verordnung,Canton of Bern,Canton of Bern,Emmental,Bernese Oberland,Seftigen,Konolfingen,Limpach,Canton Aargau, , , , , , ,"StAB, A I 483, S. 150 f.",StAB,A I 483,S. 150 f.,Wegen der ToÃ¼fferen.,1.1,Religionsangelegenheiten,Sekten/Ketzerei,",TÃ¤ufer", , , , , , , , , , , , , , , , , , , , , , , , , , , , , , , , , , , , , , , , , , , , , , , , , , , , , , , , , , , , , , , , , , , , , , , , , , , , , , , , , , , , , , , , , , , , , , , , , , , , , , , , , , , , , , , , , , , , 
BER.01.001.0968,BER.01.001,SchultheiÃŸ und Kleiner und GroÃŸer Rat der Stadt Bern,EV,1528,1798,BER,BER,1,Bern,EidgenÃ¶ssischer Ort,WL,EV,7,Claudia Schott-Volm,11/16/1635,1635,Verordnung,Canton of Bern,Canton of Bern,Aarwangen,Oberbipp,Aarburg,Trachselwald,Sumiswald,Wangen, , , , , , ,"StAB, A I 484, fol. 81r",StAB,A I 484,fol. 81r,Wegen Anstellung unnd Administration dess Herrn Nachtmals uff den Palmtag.,1.1,Religionsangelegenheiten,Geistlichkeit,",Gottesdienstgang; AmtsausÃ¼bung", ,1.1,Religionsangelegenheiten,Sonntagsheiligung,",Gottesdienstgang; AmtsausÃ¼bung", , , , , , , , , , , , , , , , , , , , , , , , , , , , , , , , , , , , , , , , , , , , , , , , , , , , , , , , , , , , , , , , , , , , , , , , , , , , , , , , , , , , , , , , , , , , , , , , , , , , , , , , , , , , , , , 
BER.01.001.4840,BER.01.001,SchultheiÃŸ und Kleiner und GroÃŸer Rat der Stadt Bern,EV,1528,1798,BER,BER,1,Bern,EidgenÃ¶ssischer Ort,WL,EV,7,Claudia Schott-Volm,4/24/1643,1643,Verordnung,Canton of Bern,Canton of Bern,Seedorf,Krauchthal,Windisch,Interlaken, , , , , , , , ,"StAB, A I 484, fol. 336v-337r",StAB,A I 484,fol. 336v-337r,Abstellung der StÃ¶hren.,1.1,Religionsangelegenheiten,Kirchenorganisation,",Rechnungswesen; Kosten; StÃ¶r", ,1.1,Religionsangelegenheiten,Klosterwesen/Orden,",Rechnungswesen; Kosten; StÃ¶r", , , , , , , , , , , , , , , , , , , , , , , , , , , , , , , , , , , , , , , , , , , , , , , , , , , , , , , , , , , , , , , , , , , , , , , , , , , , , , , , , , , , , , , , , , , , , , , , , , , , , , , , , , , , , , , 
BER.01.001.1301,BER.01.001,SchultheiÃŸ und Kleiner und GroÃŸer Rat der Stadt Bern,EV,1528,1798,BER,BER,1,Bern,EidgenÃ¶ssischer Ort,WL,EV,7,Claudia Schott-Volm,6/7/1644,1644,Ordnung,Canton of Bern (invaded),Controlled by Bern,Laupen,Aarberg,Seedorf,MÃ¼nchenbuchsee,Fraubrunnen,Krauchthal, , , , , , ,"StAB, A I 485, S. 22 f.",StAB,A I 485,S. 22 f.,"Abstellung 1. underschidenlicher MissbrÃ¼chen, 2. alten Ysenkauffs.",1.1,Religionsangelegenheiten,Sonntagsheiligung,",VergnÃ¼gungen; Zunftversammlung; Spielen; Nachhochzeit; Mahlzeiten", ,4.5,Handwerk und Gewerbe,HandwerksmiÃŸstÃ¤nde,",Eisenverarbeitung", ,4.5,Handwerk und Gewerbe,Zunftwesen,",Eisenverarbeitung", ,4.6,Handel und Dienstleistungen,Handelsbedingungen, , , , , , , , , , , , , , , , , , , , , , , , , , , , , , , , , , , , , , , , , , , , , , , , , , , , , , , , , , , , , , , , , , , , , , , , , , , , , , , , , , , , , , , , , , , , , , , , , , , , , , 
BER.01.001.1308,BER.01.001,SchultheiÃŸ und Kleiner und GroÃŸer Rat der Stadt Bern,EV,1528,1798,BER,BER,1,Bern,EidgenÃ¶ssischer Ort,WL,EV,7,Claudia Schott-Volm,10/26/1644,1644,Verordnung,Canton of Bern,Canton of Bern,Trachselwald,Signau,LÃ¼tzelflÃ¼h,Lenzburg, , , , , , , , ,"StAB, A I 485, S. 41 f.",StAB,A I 485,S. 41 f.,Ihnen die Execution dess jÃ¼ngsten TeÃ¼ffer-Mandats anbevelchen.,1.1,Religionsangelegenheiten,Sekten/Ketzerei,",TÃ¤ufer", ,2.4,Policey der Verwaltung und Justiz,AmtsfÃ¼hrung/AmtsmiÃŸbrauch,",Amtleute; Aufgaben; Pflichten; Aufsichtspflicht", , , , , , , , , , , , , , , , , , , , , , , , , , , , , , , , , , , , , , , , , , , , , , , , , , , , , , , , , , , , , , , , , , , , , , , , , , , , , , , , , , , , , , , , , , , , , , , , , , , , , , , , , , , , , , , 
BER.01.001.1319,BER.01.001,SchultheiÃŸ und Kleiner und GroÃŸer Rat der Stadt Bern,EV,1528,1798,BER,BER,1,Bern,EidgenÃ¶ssischer Ort,WL,EV,7,Claudia Schott-Volm,2/14/1645,1645,Verordnung,Canton of Bern,Canton of Bern,Orpund,ChÃ©serex, , , , , , , , , , ,"StAB, A I 485, S. 62",StAB,A I 485,S. 62,Wegen Haltung eines algemeinen Fast- und BÃ¤ttags.,1.1,Religionsangelegenheiten,Feiertage/ReligiÃ¶se Feste,",BuÃŸ- & Bettag; Fastenzeit; Gute Werke", , , , , , , , , , , , , , , , , , , , , , , , , , , , , , , , , , , , , , , , , , , , , , , , , , , , , , , , , , , , , , , , , , , , , , , , , , , , , , , , , , , , , , , , , , , , , , , , , , , , , , , , , , , , , , , , , , , , 
BER.01.001.1328,BER.01.001,SchultheiÃŸ und Kleiner und GroÃŸer Rat der Stadt Bern,EV,1528,1798,BER,BER,1,Bern,EidgenÃ¶ssischer Ort,WL,EV,7,Claudia Schott-Volm,7/12/1645,1645,Verordnung,Canton of Bern (invaded),Controlled by Bern,Aarberg,Nidau,BÃ¼ren,MÃ¼nchenbuchsee,Landshut,Seedorf,Erlach, , , , , ,"StAB, A I 485, S. 79 f.",StAB,A I 485,S. 79 f.,Danksagung irer am Canal verrichteten Ehrtagwerch.,1.1,Religionsangelegenheiten,Geistlichkeit,",Predigt; AmtsausÃ¼bung", , , , , , , , , , , , , , , , , , , , , , , , , , , , , , , , , , , , , , , , , , , , , , , , , , , , , , , , , , , , , , , , , , , , , , , , , , , , , , , , , , , , , , , , , , , , , , , , , , , , , , , , , , , , , , , , , , , , 
BER.01.001.1358,BER.01.001,SchultheiÃŸ und Kleiner und GroÃŸer Rat der Stadt Bern,EV,1528,1798,BER,BER,1,Bern,EidgenÃ¶ssischer Ort,WL,EV,7,Claudia Schott-Volm,11/30/1646,1646,Ordnung,Canton of Vaud,Controlled by Bern,ChÃ©serex,Orpund, , , , , , , , , , ,"StAB, A I 485, S. 146-148",StAB,A I 485,S. 146-148,"Wegen Verbesser- und Erhalttung der Ambt- und PfrundhÃ¼seren, und GÃ¼ttern: Item selbs eigner Reichung der Predicanten Pension Weins.",1.1,Religionsangelegenheiten,Geistlichkeit,",Wein; Viktualien; Besoldung", ,5.4,Bauwesen und Infrastruktur,Bauwesen,",GebÃ¤ude; Pfrundhaus", , , , , , , , , , , , , , , , , , , , , , , , , , , , , , , , , , , , , , , , , , , , , , , , , , , , , , , , , , , , , , , , , , , , , , , , , , , , , , , , , , , , , , , , , , , , , , , , , , , , , , , , , , , , , , , 
BER.01.001.1364,BER.01.001,SchultheiÃŸ und Kleiner und GroÃŸer Rat der Stadt Bern,EV,1528,1798,BER,BER,1,Bern,EidgenÃ¶ssischer Ort,WL,EV,7,Claudia Schott-Volm,4/22/1647,1647,Verordnung,Canton of Vaud,Controlled by Bern,ChÃ©serex,Orpund, , , , , , , , , , ,"StAB, A I 485, S. 160-162",StAB,A I 485,S. 160-162,Wegen eines abermahligen Fast- und BÃ¤ttags.,1.1,Religionsangelegenheiten,Feiertage/ReligiÃ¶se Feste,",BuÃŸ- & Bettag; Fastenzeit; Gottesdienstgang", , , , , , , , , , , , , , , , , , , , , , , , , , , , , , , , , , , , , , , , , , , , , , , , , , , , , , , , , , , , , , , , , , , , , , , , , , , , , , , , , , , , , , , , , , , , , , , , , , , , , , , , , , , , , , , , , , , , 
BER.01.001.1376,BER.01.001,SchultheiÃŸ und Kleiner und GroÃŸer Rat der Stadt Bern,EV,1528,1798,BER,BER,1,Bern,EidgenÃ¶ssischer Ort,WL,EV,7,Claudia Schott-Volm,9/4/1647,1647,Verordnung,Canton of Bern,Canton of Bern,Nidau,Erlach,BÃ¼ren,Aarberg, , , , , , , , ,"StAB, A I 485, S. 183 f.",StAB,A I 485,S. 183 f.,Wider das gar Ã¼berhandnemmende Fluchen und Schweren.,1.1,Religionsangelegenheiten,Geistlichkeit,",SchwÃ¶ren & Fluchen; Duldung; ZuhÃ¶rer; Obrigkeiten; Gott; Predigt; AmtsausÃ¼bung; LebensfÃ¼hrung", ,1.1,Religionsangelegenheiten,GotteslÃ¤sterung,",SchwÃ¶ren & Fluchen; Duldung; ZuhÃ¶rer; Obrigkeiten; Gott; Predigt; AmtsausÃ¼bung; LebensfÃ¼hrung", ,1.5,Sittlichkeit; Ehe- und Familie; SexualitÃ¤t,Familie/EhefÃ¼hrung,",Kindererziehung", , , , , , , , , , , , , , , , , , , , , , , , , , , , , , , , , , , , , , , , , , , , , , , , , , , , , , , , , , , , , , , , , , , , , , , , , , , , , , , , , , , , , , , , , , , , , , , , , , , , , , , , , , 
BER.01.001.1380,BER.01.001,SchultheiÃŸ und Kleiner und GroÃŸer Rat der Stadt Bern,EV,1528,1798,BER,BER,1,Bern,EidgenÃ¶ssischer Ort,WL,EV,7,Claudia Schott-Volm,12/31/1647,1647,Verordnung,Canton of Bern,Canton of Bern,Seedorf,MÃ¼nchenbuchsee,Krauchthal,Fraubrunnen,Laupen, , , , , , , ,"StAB, A I 485, S. 190-192",StAB,A I 485,S. 190-192,"1. Insechen wider der LandtleÃ¼ten Unwesen in der Stadt an den WuchenmÃ¤riten. 2. Ob den ussgeschribnen Ordnungen, wider allerley Ãœppigkeit zehalten.",1.1,Religionsangelegenheiten,Geistlichkeit,",Predigt", ,2.1,VergnÃ¼gungen; Ã–ffentliche Leichtfertigkeit,UmzÃ¼ge/Feste,",ZusammenkÃ¼nfte; Fastnacht; Feuerwerk; Mummenschanz", ,2.2,Ã–ffentliche Sicherheit; KriminalitÃ¤t,Sicherung Stadt/Land,",Kirchweih", , , , , , , , , , , , , , , , , , , , , , , , , , , , , , , , , , , , , , , , , , , , , , , , , , , , , , , , , , , , , , , , , , , , , , , , , , , , , , , , , , , , , , , , , , , , , , , , , , , , , , , , , , 
BER.01.001.1401,BER.01.001,SchultheiÃŸ und Kleiner und GroÃŸer Rat der Stadt Bern,EV,1528,1798,BER,BER,1,Bern,EidgenÃ¶ssischer Ort,WL,EV,7,Claudia Schott-Volm,9/15/1648,1648,Verordnung,Canton of Bern,Canton of Bern,MÃ¼nchenbuchsee,Gals,Fraubrunnen, , , , , , , , , ,"StAB, A I 485, S. 238 f.",StAB,A I 485,S. 238 f.,Inen ire geschwulnen ordinari Vass reformieren.,1.1,Religionsangelegenheiten,Klosterwesen/Orden,",Klosterwesen; VÃ¶gte; MiÃŸbrÃ¤uche; WeinfÃ¤sser", , , , , , , , , , , , , , , , , , , , , , , , , , , , , , , , , , , , , , , , , , , , , , , , , , , , , , , , , , , , , , , , , , , , , , , , , , , , , , , , , , , , , , , , , , , , , , , , , , , , , , , , , , , , , , , , , , , , 
BER.01.001.1454,BER.01.001,SchultheiÃŸ und Kleiner und GroÃŸer Rat der Stadt Bern,EV,1528,1798,BER,BER,1,Bern,EidgenÃ¶ssischer Ort,WL,EV,7,Claudia Schott-Volm,9/16/1650,1650,Verordnung,Canton of Fribourg,Controlled by Bern,Murten,Echallens, , , , , , , , , , ,"StAB, A I 485, S. 324 f.",StAB,A I 485,S. 324 f.,Ausschreibung eines Fasttags.,1.1,Religionsangelegenheiten,Feiertage/ReligiÃ¶se Feste,",BuÃŸ- & Bettag; Fastenzeit; Gute Werke", , , , , , , , , , , , , , , , , , , , , , , , , , , , , , , , , , , , , , , , , , , , , , , , , , , , , , , , , , , , , , , , , , , , , , , , , , , , , , , , , , , , , , , , , , , , , , , , , , , , , , , , , , , , , , , , , , , , 
BER.01.001.1462,BER.01.001,SchultheiÃŸ und Kleiner und GroÃŸer Rat der Stadt Bern,EV,1528,1798,BER,BER,1,Bern,EidgenÃ¶ssischer Ort,WL,EV,7,Claudia Schott-Volm,4/7/1651,1651,Verordnung,Canton of Fribourg,Controlled by Bern,Burgdorf,BÃ¼ren,Nidau,Aarau,Brugg,Thun, , , , , , ,"StAB, A I 485, S. 348 f.",StAB,A I 485,S. 348 f.,An die Herren Decanen.,1.1,Religionsangelegenheiten,Kirchenorganisation,",Kapitel", , , , , , , , , , , , , , , , , , , , , , , , , , , , , , , , , , , , , , , , , , , , , , , , , , , , , , , , , , , , , , , , , , , , , , , , , , , , , , , , , , , , , , , , , , , , , , , , , , , , , , , , , , , , , , , , , , , , 
BER.01.001.1499,BER.01.001,SchultheiÃŸ und Kleiner und GroÃŸer Rat der Stadt Bern,EV,1528,1798,BER,BER,1,Bern,EidgenÃ¶ssischer Ort,WL,EV,7,Claudia Schott-Volm,5/3/1652,1652,Verordnung,Canton of Fribourg,Controlled by Bern,Burgdorf,BÃ¼ren,Nidau,Langenthal,Aarau,Brugg,Thun, , , , , ,"StAB, A I 485, S. 415",StAB,A I 485,S. 415,Ann die Herren Decanen [ [...],1.1,Religionsangelegenheiten,Kirchenorganisation,",Kapitel", , , , , , , , , , , , , , , , , , , , , , , , , , , , , , , , , , , , , , , , , , , , , , , , , , , , , , , , , , , , , , , , , , , , , , , , , , , , , , , , , , , , , , , , , , , , , , , , , , , , , , , , , , , , , , , , , , , , 
BER.01.001.1503,BER.01.001,SchultheiÃŸ und Kleiner und GroÃŸer Rat der Stadt Bern,EV,1528,1798,BER,BER,1,Bern,EidgenÃ¶ssischer Ort,WL,EV,7,Claudia Schott-Volm,7/19/1652,1652,Verordnung,Canton of Vaud,Controlled by Bern,Echallens,Murten,Grandson,Schwarzenburg, , , , , , , , ,"StAB, A I 485, S. 419 f.",StAB,A I 485,S. 419 f.,Fast- Buss- und BÃ¤ttag.,1.1,Religionsangelegenheiten,Feiertage/ReligiÃ¶se Feste,",BuÃŸ- & Bettag; Fastenzeit", , , , , , , , , , , , , , , , , , , , , , , , , , , , , , , , , , , , , , , , , , , , , , , , , , , , , , , , , , , , , , , , , , , , , , , , , , , , , , , , , , , , , , , , , , , , , , , , , , , , , , , , , , , , , , , , , , , , 
BER.01.001.1540,BER.01.001,SchultheiÃŸ und Kleiner und GroÃŸer Rat der Stadt Bern,EV,1528,1798,BER,BER,1,Bern,EidgenÃ¶ssischer Ort,WL,EV,7,Claudia Schott-Volm,10/6/1653,1653,Ordnung,Canton of Bern,Canton of Bern,Sumiswald, ,Trachselwald, , , , , , , , , ,"StAB, A I 485, S. 501-505 & 508-513",StAB,A I 485,S. 501-505 & 508-513,Emmentalische bewilligte Articul.,1.1,Religionsangelegenheiten,Kirchenorganisation,",Kirchenorganisation; VermÃ¶gen; Rechnungswesen,Landsgemeinde u. Ehrschatz nich eingegeben", ,2.4,Policey der Verwaltung und Justiz,AmtsfÃ¼hrung/AmtsmiÃŸbrauch,",ÃœbermÃ¤ÃŸige GebÃ¼hren; ÃœbermÃ¤ÃŸige Spesen; Boten; Gerichte; GebÃ¼hren; BuÃŸe", ,2.4,Policey der Verwaltung und Justiz,Strafvollstreckung,",ÃœbermÃ¤ÃŸige GebÃ¼hren; ÃœbermÃ¤ÃŸige Spesen; Boten; Gerichte; GebÃ¼hren; BuÃŸe", ,4.1,Landwirtschaft,Ernteordnung/Feudalabgaben, , ,4.5, , , , ,4.6, , , , ,4.6, , , , ,4.7, , , , , , , , , , , , , , , , , , , , , , , , , , , , , , , , , , , , , , , , , , , , , , , , , , , , , , , , , , , , , , , , , , , , , , , , , , , , , , , , , , , , 
BER.01.001.1542,BER.01.001,SchultheiÃŸ und Kleiner und GroÃŸer Rat der Stadt Bern,EV,1528,1798,BER,BER,1,Bern,EidgenÃ¶ssischer Ort,WL,EV,7,Claudia Schott-Volm,10/17/1653,1653,Verordnung,Canton of Vaud,Controlled by Bern,Echallens,Murten,Schwarzenburg,Val MÃ¼stair,Villeneuve,Grandson, , , , , , ,"StAB, A I 485, S. 515 f.",StAB,A I 485,S. 515 f.,Ein Buss- Fast- unnd BÃ¤ttag ussschreiben.,1.1,Religionsangelegenheiten,Feiertage/ReligiÃ¶se Feste,",BuÃŸ- & Bettag; Fastenzeit", , , , , , , , , , , , , , , , , , , , , , , , , , , , , , , , , , , , , , , , , , , , , , , , , , , , , , , , , , , , , , , , , , , , , , , , , , , , , , , , , , , , , , , , , , , , , , , , , , , , , , , , , , , , , , , , , , , , 
BER.01.001.1662,BER.01.001,SchultheiÃŸ und Kleiner und GroÃŸer Rat der Stadt Bern,EV,1528,1798,BER,BER,1,Bern,EidgenÃ¶ssischer Ort,WL,EV,7,Claudia Schott-Volm,5/24/1658,1658,Verordnung,Canton of Vaud,Controlled by Bern,Payerne,Moudon,Oron,Veytaux,Aigle,Avenches, , , , , , ,"StAB, A I 487, S. 2",StAB,A I 487,S. 2,Ein Collect [...] aufzenemmen.,1.1,Religionsangelegenheiten,Geistlichkeit,",Aufruf; Kollekte", ,3.2,Sozialwesen,Armenwesen,",Kollekte", , , , , , , , , , , , , , , , , , , , , , , , , , , , , , , , , , , , , , , , , , , , , , , , , , , , , , , , , , , , , , , , , , , , , , , , , , , , , , , , , , , , , , , , , , , , , , , , , , , , , , , , , , , , , , , 
BER.01.001.1677,BER.01.001,SchultheiÃŸ und Kleiner und GroÃŸer Rat der Stadt Bern,EV,1528,1798,BER,BER,1,Bern,EidgenÃ¶ssischer Ort,WL,EV,7,Claudia Schott-Volm,12/20/1658,1658,Verordnung,Canton of Aargau,Controlled by Bern,Lenzburg, , , , , , , , , , , ,"StAB, A I 487, S. 28 f.",StAB,A I 487,S. 28 f.,Der WidertÃ¶ufferen halb.,1.1,Religionsangelegenheiten,Sekten/Ketzerei,",TÃ¤ufer; Aufenthalt; Verbot; Fremde", , , , , , , , , , , , , , , , , , , , , , , , , , , , , , , , , , , , , , , , , , , , , , , , , , , , , , , , , , , , , , , , , , , , , , , , , , , , , , , , , , , , , , , , , , , , , , , , , , , , , , , , , , , , , , , , , , , , 
BER.01.001.1720,BER.01.001,SchultheiÃŸ und Kleiner und GroÃŸer Rat der Stadt Bern,EV,1528,1798,BER,BER,1,Bern,EidgenÃ¶ssischer Ort,WL,EV,7,Claudia Schott-Volm,9/5/1660,1660,Verordnung,Canton of Bern,Canton of Bern,HÃ¶chstetten, , , , , , , , , , , ,"StAB, A I 487, S. 103 f.",StAB,A I 487,S. 103 f.,Wegen der TeÃ¼fferen Wegzugs.,1.1,Religionsangelegenheiten,Sekten/Ketzerei,",TÃ¤ufer; Aufenthalt; Verbot; Fremde", , , , , , , , , , , , , , , , , , , , , , , , , , , , , , , , , , , , , , , , , , , , , , , , , , , , , , , , , , , , , , , , , , , , , , , , , , , , , , , , , , , , , , , , , , , , , , , , , , , , , , , , , , , , , , , , , , , , 
BER.01.001.1260,BER.01.001,SchultheiÃŸ und Kleiner und GroÃŸer Rat der Stadt Bern,EV,1528,1798,BER,BER,1,Bern,EidgenÃ¶ssischer Ort,WL,EV,7,Claudia Schott-Volm,8/23/1661,2661,Verordnung,Canton of Bern,Canton of Bern,Orpund,Gals,MÃ¼nchenbuchsee,Fraubrunnen, , , , , , , , ,"StAB, A I 487, S. 167 f.",StAB,A I 487,S. 167 f.,Mehrerer ErleÃ¼terung des Eidtenpuncktens ihres Eydts halber.,1.1,Religionsangelegenheiten,Klosterwesen/Orden,",Aufsicht; Klosterwesen; VÃ¶gte; Eidesformel", ,3.2,Sozialwesen,Armenwesen,",Verwaltung; MiÃŸbrauch", , , , , , , , , , , , , , , , , , , , , , , , , , , , , , , , , , , , , , , , , , , , , , , , , , , , , , , , , , , , , , , , , , , , , , , , , , , , , , , , , , , , , , , , , , , , , , , , , , , , , , , , , , , , , , , 
BER.01.001.1265,BER.01.001,SchultheiÃŸ und Kleiner und GroÃŸer Rat der Stadt Bern,EV,1528,1798,BER,BER,1,Bern,EidgenÃ¶ssischer Ort,WL,EV,7,Claudia Schott-Volm,12/26/1661,1661,Verordnung,Canton of Bern,Canton of Bern,Langenthal, , , , , , , , , , , ,"StAB, A I 487, S. 173",StAB,A I 487,S. 173, ,1.1,Religionsangelegenheiten,Geistlichkeit,",AmtsausÃ¼bung", , , , , , , , , , , , , , , , , , , , , , , , , , , , , , , , , , , , , , , , , , , , , , , , , , , , , , , , , , , , , , , , , , , , , , , , , , , , , , , , , , , , , , , , , , , , , , , , , , , , , , , , , , , , , , , , , , , , 
BER.01.001.1270,BER.01.001,SchultheiÃŸ und Kleiner und GroÃŸer Rat der Stadt Bern,EV,1528,1798,BER,BER,1,Bern,EidgenÃ¶ssischer Ort,WL,EV,7,Claudia Schott-Volm,6/2/1662,1662,Verordnung,Canton of Bern,Canton of Bern,Bolligen,Stettlen,KÃ¶niz,BÃ¼mpliz,Muri, , , , , , , ,"StAB, A I 487, S. 186",StAB,A I 487,S. 186, ,1.1,Religionsangelegenheiten,Kirchenzucht,",Taufe; Hintersassen", ,1.2,BevÃ¶lkerungs- und Standeswesen; Herrschaftsverfassung,BÃ¼rgerrecht,",Erwerb", , , , , , , , , , , , , , , , , , , , , , , , , , , , , , , , , , , , , , , , , , , , , , , , , , , , , , , , , , , , , , , , , , , , , , , , , , , , , , , , , , , , , , , , , , , , , , , , , , , , , , , , , , , , , , , 
BER.01.001.1729,BER.01.001,SchultheiÃŸ und Kleiner und GroÃŸer Rat der Stadt Bern,EV,1528,1798,BER,BER,1,Bern,EidgenÃ¶ssischer Ort,WL,EV,7,Claudia Schott-Volm,11/30/1663,1663,Verordnung,Canton of Zürich,Controlled by Bern,Sternenberg,Seftigen,Signau,Laupen,Konolfingen, , , , , , , ,"StAB, A I 487, S. 221",StAB,A I 487,S. 221,Wider etliche unnÃ¶tige BreÃ¼ch an Hochzyten.,1.1,Religionsangelegenheiten,Geistlichkeit,",AmtsausÃ¼bung; Hochzeit; Gottesdienstgang", ,1.1,Religionsangelegenheiten,Kirchenzucht,",AmtsausÃ¼bung; Hochzeit; Gottesdienstgang", , , , , , , , , , , , , , , , , , , , , , , , , , , , , , , , , , , , , , , , , , , , , , , , , , , , , , , , , , , , , , , , , , , , , , , , , , , , , , , , , , , , , , , , , , , , , , , , , , , , , , , , , , , , , , , 
BER.01.001.1739,BER.01.001,SchultheiÃŸ und Kleiner und GroÃŸer Rat der Stadt Bern,EV,1528,1798,BER,BER,1,Bern,EidgenÃ¶ssischer Ort,WL,EV,7,Claudia Schott-Volm,5/15/1664,1664,Ordnung,Canton of Fribourg,Controlled by Bern,Murten,Schwarzenburg, , , , , , , , , , ,"StAB, A I 487, S. 248-252",StAB,A I 487,S. 248-252,Weitere FÃ¼rsechung der Kinderlehren halb.,1.1,Religionsangelegenheiten,ReligiÃ¶se Unterweisung,",Religionsunterricht; Sonntagsschule; Gottesdienst; Gebete", ,1.5,Sittlichkeit; Ehe- und Familie; SexualitÃ¤t,Familie/EhefÃ¼hrung,",Kindererziehung", ,3.3,Erziehungswesen; Kultur,Schule,",Lehrpersonal; Lehrer; Ausbildung; Lehrplan; Lieder", , , , , , , , , , , , , , , , , , , , , , , , , , , , , , , , , , , , , , , , , , , , , , , , , , , , , , , , , , , , , , , , , , , , , , , , , , , , , , , , , , , , , , , , , , , , , , , , , , , , , , , , , , 
BER.01.001.1796,BER.01.001,SchultheiÃŸ und Kleiner und GroÃŸer Rat der Stadt Bern,EV,1528,1798,BER,BER,1,Bern,EidgenÃ¶ssischer Ort,WL,EV,7,Claudia Schott-Volm,12/24/1666,1666,Verordnung,Canton of Thun,Controlled by Bern,Gurzelen,HÃ¶chstetten,Signau,Laupen,Murten,Kehrsatz, , , , , , ,"StAB, A I 487, S. 354",StAB,A I 487,S. 354,Das Wynaussgeben an Sontagen verpieten.,1.1,Religionsangelegenheiten,Sonntagsheiligung,",VergnÃ¼gungen; Alkoholkonsum", ,4.6,Handel und Dienstleistungen,Bewirtung/GaststÃ¤tten,",Alkoholausschank", , , , , , , , , , , , , , , , , , , , , , , , , , , , , , , , , , , , , , , , , , , , , , , , , , , , , , , , , , , , , , , , , , , , , , , , , , , , , , , , , , , , , , , , , , , , , , , , , , , , , , , , , , , , , , , 
BER.01.001.1811,BER.01.001,SchultheiÃŸ und Kleiner und GroÃŸer Rat der Stadt Bern,EV,1528,1798,BER,BER,1,Bern,EidgenÃ¶ssischer Ort,WL,EV,7,Claudia Schott-Volm,8/29/1667,1667,Verordnung,Canton of Bern,Canton of Bern,Kehrsatz,Thurnen,Wabern bei Bern,Stiftschaffner,Schwarzenburg, , , , , , , ,"StAB, A I 487, S. 388 f.",StAB,A I 487,S. 388 f.,Den Schwinget hinder RÃ¼gisperg verpieten.,1.1,Religionsangelegenheiten,Sonntagsheiligung,",Spielen; VergnÃ¼gungen; Alkoholkonsum; Schwingetfest", , , , , , , , , , , , , , , , , , , , , , , , , , , , , , , , , , , , , , , , , , , , , , , , , , , , , , , , , , , , , , , , , , , , , , , , , , , , , , , , , , , , , , , , , , , , , , , , , , , , , , , , , , , , , , , , , , , , 
BER.01.001.1865,BER.01.001,SchultheiÃŸ und Kleiner und GroÃŸer Rat der Stadt Bern,EV,1528,1798,BER,BER,1,Bern,EidgenÃ¶ssischer Ort,WL,EV,7,Claudia Schott-Volm,3/29/1669,1669,Verordnung,Canton of Bern,Canton of Bern,LÃ¼tzelflÃ¼h,Signau,Thun,Burgdorf, , , , , , , , ,"StAB, A I 487, S. 487 f.",StAB,A I 487,S. 487 f.,Wegen Inobservation der ErleÃ¼terung dess getrukten TÃ¶uffer-Mandats: So vil das Gutt betrifft.,1.1,Religionsangelegenheiten,Sekten/Ketzerei,",TÃ¤ufer; VermÃ¶gen", , , , , , , , , , , , , , , , , , , , , , , , , , , , , , , , , , , , , , , , , , , , , , , , , , , , , , , , , , , , , , , , , , , , , , , , , , , , , , , , , , , , , , , , , , , , , , , , , , , , , , , , , , , , , , , , , , , , 
BER.01.001.1905,BER.01.001,SchultheiÃŸ und Kleiner und GroÃŸer Rat der Stadt Bern,EV,1528,1798,BER,BER,1,Bern,EidgenÃ¶ssischer Ort,WL,EV,7,Claudia Schott-Volm,9/19/1670,1670,Verordnung,Canton of Bern,Canton of Bern,Konolfingen,Seftigen, , , , , , , , , , ,"StAB, A I 487, S. 556 f.",StAB,A I 487,S. 556 f.,Der TeÃ¼fferen halb.,1.1,Religionsangelegenheiten,Sekten/Ketzerei,",TÃ¤ufer", , , , , , , , , , , , , , , , , , , , , , , , , , , , , , , , , , , , , , , , , , , , , , , , , , , , , , , , , , , , , , , , , , , , , , , , , , , , , , , , , , , , , , , , , , , , , , , , , , , , , , , , , , , , , , , , , , , , 
BER.01.001.1924,BER.01.001,SchultheiÃŸ und Kleiner und GroÃŸer Rat der Stadt Bern,EV,1528,1798,BER,BER,1,Bern,EidgenÃ¶ssischer Ort,WL,EV,7,Claudia Schott-Volm,8/24/1671,1671,Verordnung,Canton of Bern,Canton of Bern,Signau, , , , , , , , , , , ,"StAB, A I 487, S. 600-602",StAB,A I 487,S. 600-602,Den frischen Endtschluss zur Execution Ã¼berschreiben.,1.1,Religionsangelegenheiten,Sekten/Ketzerei,",TÃ¤ufer; Ãœberwachung; Ausweisung; Festnahme; Beherbergungsverbot", , , , , , , , , , , , , , , , , , , , , , , , , , , , , , , , , , , , , , , , , , , , , , , , , , , , , , , , , , , , , , , , , , , , , , , , , , , , , , , , , , , , , , , , , , , , , , , , , , , , , , , , , , , , , , , , , , , , 
BER.01.001.2044,BER.01.001,SchultheiÃŸ und Kleiner und GroÃŸer Rat der Stadt Bern,EV,1528,1798,BER,BER,1,Bern,EidgenÃ¶ssischer Ort,WL,EV,7,Claudia Schott-Volm,7/19/1675,1675,Verordnung,Canton of Bern (invaded),Controlled by Bern,Frutigen, , , , , , , , , , , ,"StAB, A I 488, S. 131 f.",StAB,A I 488,S. 131 f.,Die Schaff-Scheide auff einen andern Tag abenderen.,1.1,Religionsangelegenheiten,Sonntagsheiligung,",VergnÃ¼gungen", , , , , , , , , , , , , , , , , , , , , , , , , , , , , , , , , , , , , , , , , , , , , , , , , , , , , , , , , , , , , , , , , , , , , , , , , , , , , , , , , , , , , , , , , , , , , , , , , , , , , , , , , , , , , , , , , , , , 
BER.01.001.2045,BER.01.001,SchultheiÃŸ und Kleiner und GroÃŸer Rat der Stadt Bern,EV,1528,1798,BER,BER,1,Bern,EidgenÃ¶ssischer Ort,WL,EV,7,Claudia Schott-Volm,7/19/1675,1675,Verordnung,Canton of Bern (invaded),Controlled by Bern,Unterseen,Oberhofen,Wimmis,Interlaken, , , , , , , , ,"StAB, A I 488, S. 132",StAB,A I 488,S. 132,Sie dessen benachrichtigen.,1.1,Religionsangelegenheiten,Sonntagsheiligung,",VergnÃ¼gungen", , , , , , , , , , , , , , , , , , , , , , , , , , , , , , , , , , , , , , , , , , , , , , , , , , , , , , , , , , , , , , , , , , , , , , , , , , , , , , , , , , , , , , , , , , , , , , , , , , , , , , , , , , , , , , , , , , , , 
BER.01.001.2087,BER.01.001,SchultheiÃŸ und Kleiner und GroÃŸer Rat der Stadt Bern,EV,1528,1798,BER,BER,1,Bern,EidgenÃ¶ssischer Ort,WL,EV,7,Claudia Schott-Volm,7/13/1676,1676,Verordnung,Canton of Bern,Canton of Bern,Bolligen,Muri,Bremgarten bei Bern,Vechigen,KÃ¶niz,BÃ¼mpliz,Stettlen, , , , , ,"StAB, A I 488, S. 228 f.",StAB,A I 488,S. 228 f.,Die Kinder nit mehr alhar zur Touff zebringen.,1.1,Religionsangelegenheiten,Kirchenzucht,",Taufe; KirchenzugehÃ¶rigkeit", , , , , , , , , , , , , , , , , , , , , , , , , , , , , , , , , , , , , , , , , , , , , , , , , , , , , , , , , , , , , , , , , , , , , , , , , , , , , , , , , , , , , , , , , , , , , , , , , , , , , , , , , , , , , , , , , , , , 
BER.01.001.2114,BER.01.001,SchultheiÃŸ und Kleiner und GroÃŸer Rat der Stadt Bern,EV,1528,1798,BER,BER,1,Bern,EidgenÃ¶ssischer Ort,WL,EV,7,Claudia Schott-Volm,3/26/1677,1677,Verordnung,Canton of Fribourg,Controlled by Bern,Burgdorf,Aarberg,Nidau,Laupen,Erlach,BÃ¼ren,Thun, , , , , ,"StAB, A I 488, S. 279 f.",StAB,A I 488,S. 279 f.,Exception der Klein und GrossrÃ¤hten im Catechisieren.,1.1,Religionsangelegenheiten,ReligiÃ¶se Unterweisung,",Religionsunterricht; Ausnahmen", , , , , , , , , , , , , , , , , , , , , , , , , , , , , , , , , , , , , , , , , , , , , , , , , , , , , , , , , , , , , , , , , , , , , , , , , , , , , , , , , , , , , , , , , , , , , , , , , , , , , , , , , , , , , , , , , , , , 
BER.01.001.2224,BER.01.001,SchultheiÃŸ und Kleiner und GroÃŸer Rat der Stadt Bern,EV,1528,1798,BER,BER,1,Bern,EidgenÃ¶ssischer Ort,WL,EV,7,Claudia Schott-Volm,12/21/1680,1680,Verordnung,Canton of Bern (invaded),Controlled by Bern,Bernese Oberland,Emmental, , , , , , , , , , ,"StAB, A I 488, S. 519 f.",StAB,A I 488,S. 519 f.,An Sontagen die Irigen nit auf die Bergen sonder in die Predigen zu schicken.,1.1,Religionsangelegenheiten,Sonntagsheiligung,",VergnÃ¼gungen; Gottesdienstgang", , , , , , , , , , , , , , , , , , , , , , , , , , , , , , , , , , , , , , , , , , , , , , , , , , , , , , , , , , , , , , , , , , , , , , , , , , , , , , , , , , , , , , , , , , , , , , , , , , , , , , , , , , , , , , , , , , , , 
BER.01.001.2241,BER.01.001,SchultheiÃŸ und Kleiner und GroÃŸer Rat der Stadt Bern,EV,1528,1798,BER,BER,1,Bern,EidgenÃ¶ssischer Ort,WL,EV,7,Claudia Schott-Volm,5/28/1681,1681,Verordnung,Canton of Vaud,Controlled by Bern,Yverdon-les-Bains,RomainmÃ´tier, , , , , , , , , , ,"StAB, A I 488, S. 552 f.",StAB,A I 488,S. 552 f.,"1. Wie die Clahs sich deren halb, so ihre Religion zu abiuriren unndt die Unsere anzunemmen begehren, ze verhalten. 2. Wie weit die Feries in den h. Zeiten zu extendieren - wegen Hochzeithaltung und Annonce.",1.1,Religionsangelegenheiten,Feiertage/ReligiÃ¶se Feste,",Verhalten", ,1.1,Religionsangelegenheiten,Kirchenzucht,",Hochzeit; Anzeige; Aufwand; Kleidung; Ladschaften", ,1.5,Sittlichkeit; Ehe- und Familie; SexualitÃ¤t,EheschlieÃŸung,",Bedingungen", , , , , , , , , , , , , , , , , , , , , , , , , , , , , , , , , , , , , , , , , , , , , , , , , , , , , , , , , , , , , , , , , , , , , , , , , , , , , , , , , , , , , , , , , , , , , , , , , , , , , , , , , , 
BER.01.001.2260,BER.01.001,SchultheiÃŸ und Kleiner und GroÃŸer Rat der Stadt Bern,EV,1528,1798,BER,BER,1,Bern,EidgenÃ¶ssischer Ort,WL,EV,7,Claudia Schott-Volm,9/19/1681,1681,Verordnung,Canton of Bern,Canton of Bern,Emmental, , , , , , , , , , , ,"StAB, A I 488, S. 596 f.",StAB,A I 488,S. 596 f.,Abenderung dess Dionisii Signow MÃ¤rit.,1.1,Religionsangelegenheiten,Feiertage/ReligiÃ¶se Feste,",Markt", ,4.6,Handel und Dienstleistungen,Markt/Messe,",Markttage", , , , , , , , , , , , , , , , , , , , , , , , , , , , , , , , , , , , , , , , , , , , , , , , , , , , , , , , , , , , , , , , , , , , , , , , , , , , , , , , , , , , , , , , , , , , , , , , , , , , , , , , , , , , , , , 
BER.01.001.2294,BER.01.001,SchultheiÃŸ und Kleiner und GroÃŸer Rat der Stadt Bern,EV,1528,1798,BER,BER,1,Bern,EidgenÃ¶ssischer Ort,WL,EV,7,Claudia Schott-Volm,3/14/1683,1683,Verordnung,Canton of Bern,Canton of Bern,LÃ¼tzelflÃ¼h,Trachselwald,Signau,Thun, , , , , , , , ,"StAB, A I 488, S. 644 f.",StAB,A I 488,S. 644 f.,1. Wegen der Geiselschafft CÃ¶sten. 2. Die TeÃ¼ffer Bussen betreffend.,1.1,Religionsangelegenheiten,Sekten/Ketzerei,",TÃ¤ufer; Geisel; Beherbergung", , , , , , , , , , , , , , , , , , , , , , , , , , , , , , , , , , , , , , , , , , , , , , , , , , , , , , , , , , , , , , , , , , , , , , , , , , , , , , , , , , , , , , , , , , , , , , , , , , , , , , , , , , , , , , , , , , , , 
BER.01.001.2295,BER.01.001,SchultheiÃŸ und Kleiner und GroÃŸer Rat der Stadt Bern,EV,1528,1798,BER,BER,1,Bern,EidgenÃ¶ssischer Ort,WL,EV,7,Claudia Schott-Volm,4/12/1683,1683,Verordnung,Canton of Vaud,Controlled by Bern,Payerne,Lausanne,Oron,Veytaux,Saanen,Aigle,Moudon, , , , , ,"StAB, A I 488, S. 647",StAB,A I 488,S. 647,"Die Freyburgischen, so den Sonn- oder Sabattaag brechen, auch zustraffen.",1.1,Religionsangelegenheiten,Sonntagsheiligung,",Fremde; BuÃŸe", , , , , , , , , , , , , , , , , , , , , , , , , , , , , , , , , , , , , , , , , , , , , , , , , , , , , , , , , , , , , , , , , , , , , , , , , , , , , , , , , , , , , , , , , , , , , , , , , , , , , , , , , , , , , , , , , , , , 
BER.01.001.2309,BER.01.001,SchultheiÃŸ und Kleiner und GroÃŸer Rat der Stadt Bern,EV,1528,1798,BER,BER,1,Bern,EidgenÃ¶ssischer Ort,WL,EV,7,Claudia Schott-Volm,9/25/1683,1683,Verordnung,Canton of Vaud,Controlled by Bern,Morges,Veytaux,Lausanne,Yverdon-les-Bains,Moudon,RomainmÃ´tier,Nyon, , , , , ,"StAB, A I 488, S. 664 f.",StAB,A I 488,S. 664 f.,Ihnen die francÃ¶sischen reformirte Glaubensgnossen recommendiren undt zu befelchen denselben in ihren Ã„mbteren Retraitte zu gestatten.,1.1,Religionsangelegenheiten,Konfession,",ReligionsausÃ¼bung", ,1.2,BevÃ¶lkerungs- und Standeswesen; Herrschaftsverfassung,Aufenthalt,",Beherbergung; AuslÃ¤nder; Bedingungen", , , , , , , , , , , , , , , , , , , , , , , , , , , , , , , , , , , , , , , , , , , , , , , , , , , , , , , , , , , , , , , , , , , , , , , , , , , , , , , , , , , , , , , , , , , , , , , , , , , , , , , , , , , , , , , 
BER.01.001.2365,BER.01.001,SchultheiÃŸ und Kleiner und GroÃŸer Rat der Stadt Bern,EV,1528,1798,BER,BER,1,Bern,EidgenÃ¶ssischer Ort,WL,EV,7,Claudia Schott-Volm,10/13/1686,1686,Verordnung,Canton of Bern,Canton of Bern,Konolfingen, , , , , , , , , , , ,"StAB, A I 488, S. 752",StAB,A I 488,S. 752,Auff die TÃ¤uffer zuachten undt ob der Ordnung besser zuhalten.,1.1,Religionsangelegenheiten,Sekten/Ketzerei,",TÃ¤ufer; Ãœberwachung", , , , , , , , , , , , , , , , , , , , , , , , , , , , , , , , , , , , , , , , , , , , , , , , , , , , , , , , , , , , , , , , , , , , , , , , , , , , , , , , , , , , , , , , , , , , , , , , , , , , , , , , , , , , , , , , , , , , 
BER.01.001.2359,BER.01.001,SchultheiÃŸ und Kleiner und GroÃŸer Rat der Stadt Bern,EV,1528,1798,BER,BER,1,Bern,EidgenÃ¶ssischer Ort,WL,EV,7,Claudia Schott-Volm,1/5/1688,1688,Verordnung,Canton of Fribourg,Controlled by Bern,Burgdorf,LÃ¼tzelflÃ¼h,Trachselwald,Signau,Thun,Konolfingen,Krauchthal, , , , , ,"StAB, A I 488, S. 740 f.",StAB,A I 488,S. 740 f.,Auff die WiderteÃ¼ffer Achtung zugeben.,1.1,Religionsangelegenheiten,Sekten/Ketzerei,",TÃ¤ufer; Ãœberwachung,Datum stimmt", , , , , , , , , , , , , , , , , , , , , , , , , , , , , , , , , , , , , , , , , , , , , , , , , , , , , , , , , , , , , , , , , , , , , , , , , , , , , , , , , , , , , , , , , , , , , , , , , , , , , , , , , , , , , , , , , , , , 
BER.01.001.2417,BER.01.001,SchultheiÃŸ und Kleiner und GroÃŸer Rat der Stadt Bern,EV,1528,1798,BER,BER,1,Bern,EidgenÃ¶ssischer Ort,WL,EV,7,Claudia Schott-Volm,7/20/1691,1691,Verordnung,Canton of Aargau,Controlled by Bern,Oberhofen,LÃ¼tzelflÃ¼h,Trachselwald,Signau,Burgdorf,Aarburg,Thun, , , , , ,"StAB, A I 488, S. 856 f. & 987 f.",StAB,A I 488,S. 856 f. & 987 f.,Ihnen die Ordnung undt Mandat der TÃ¤ufferen halb zuschicken.,1.1,Religionsangelegenheiten,Sekten/Ketzerei,",TÃ¤ufer; Ãœberwachung; Beherbergungsverbot; Bekehrung", , , , , , , , , , , , , , , , , , , , , , , , , , , , , , , , , , , , , , , , , , , , , , , , , , , , , , , , , , , , , , , , , , , , , , , , , , , , , , , , , , , , , , , , , , , , , , , , , , , , , , , , , , , , , , , , , , , , 
BER.01.001.2490,BER.01.001,SchultheiÃŸ und Kleiner und GroÃŸer Rat der Stadt Bern,EV,1528,1798,BER,BER,1,Bern,EidgenÃ¶ssischer Ort,WL,EV,7,Claudia Schott-Volm,9/28/1691,1691,Verordnung,Canton of Aargau,Controlled by Bern,Oberhofen,LÃ¼tzelflÃ¼h,Signau,Burgdorf,Aarburg,Thun, , , , , , ,"StAB, A I 488, S. 990-992",StAB,A I 488,S. 990-992,Vernere Veranstaltung wegen der TeÃ¼fferen.,1.1,Religionsangelegenheiten,Sekten/Ketzerei,",TÃ¤ufer; VermÃ¶gen; Beherbergungsverbot", , , , , , , , , , , , , , , , , , , , , , , , , , , , , , , , , , , , , , , , , , , , , , , , , , , , , , , , , , , , , , , , , , , , , , , , , , , , , , , , , , , , , , , , , , , , , , , , , , , , , , , , , , , , , , , , , , , , 
BER.01.001.2432,BER.01.001,SchultheiÃŸ und Kleiner und GroÃŸer Rat der Stadt Bern,EV,1528,1798,BER,BER,1,Bern,EidgenÃ¶ssischer Ort,WL,EV,7,Claudia Schott-Volm,4/3/1693,1693,Ordnung,Canton of Fribourg,Controlled by Bern,Burgdorf,Thun,Oberhofen,Trachselwald,Signau,LÃ¼tzelflÃ¼h,Landshut, , , , , ,"StAB, A I 488, S. 899-904",StAB,A I 488,S. 899-904,TeÃ¼ffer abzeschaffen.,1.1,Religionsangelegenheiten,Sekten/Ketzerei,",TÃ¤ufer; Ãœberwachung; Beherbergungsverbot; Versorgung (Ã¶konomisch, Nahrungsmittel", , , , , , , , , , , , , , , , , , , , , , , , , , , , , , , , , , , , , , , , , , , , , , , , , , , , , , , , , , , , , , , , , , , , , , , , , , , , , , , , , , , , , , , , , , , , , , , , , , , , , , , , , , , , , , , , , , , , 
BER.01.001.2516,BER.01.001,SchultheiÃŸ und Kleiner und GroÃŸer Rat der Stadt Bern,EV,1528,1798,BER,BER,1,Bern,EidgenÃ¶ssischer Ort,WL,EV,7,Claudia Schott-Volm,5/31/1693,1693,Verordnung,Canton of Fribourg,Controlled by Bern,Burgdorf,LÃ¼tzelflÃ¼h,Trachselwald,Oberhofen,Wangen,Aarwangen,Bernese Oberland, , , , , ,"StAB, A I 490, S. 4-8",StAB,A I 490,S. 4-8,Wie die TÃ¤uffer zuvertreiben und ausszureÃ¼ten.,1.1,Religionsangelegenheiten,Sekten/Ketzerei,",Aufenthalt; Verbot; Fremde; Versammlungsverbot; Ãœberwachung; TÃ¤ufer", , , , , , , , , , , , , , , , , , , , , , , , , , , , , , , , , , , , , , , , , , , , , , , , , , , , , , , , , , , , , , , , , , , , , , , , , , , , , , , , , , , , , , , , , , , , , , , , , , , , , , , , , , , , , , , , , , , , 
BER.01.001.2590,BER.01.001,SchultheiÃŸ und Kleiner und GroÃŸer Rat der Stadt Bern,EV,1528,1798,BER,BER,1,Bern,EidgenÃ¶ssischer Ort,WL,EV,7,Claudia Schott-Volm,4/18/1695,1695,Verordnung,Canton of Bern,Canton of Bern,Bern, , , , , , , , , , , ,"StAB, A I 490, S. 169 f.",StAB,A I 490,S. 169 f.,Dass die HaussleÃ¼ht und KÃ¼her umb die Statt huldigen sÃ¶llend wegen der WidertÃ¤ufferey.,1.1,Religionsangelegenheiten,Sekten/Ketzerei,",TÃ¤ufer", ,1.2,BevÃ¶lkerungs- und Standeswesen; Herrschaftsverfassung,Huldigung, , , , , , , , , , , , , , , , , , , , , , , , , , , , , , , , , , , , , , , , , , , , , , , , , , , , , , , , , , , , , , , , , , , , , , , , , , , , , , , , , , , , , , , , , , , , , , , , , , , , , , , , , , , , , , , , 
BER.01.001.2635,BER.01.001,SchultheiÃŸ und Kleiner und GroÃŸer Rat der Stadt Bern,EV,1528,1798,BER,BER,1,Bern,EidgenÃ¶ssischer Ort,WL,EV,7,Claudia Schott-Volm,11/30/1696,1696,Verordnung,Canton of Bern,Canton of Bern,Bern, , , , , , , , , , , ,"StAB, A I 490, S. 252",StAB,A I 490,S. 252,"Sie frÃ¼scher Dingen mahnen, ob dem TÃ¤uffermandat geflissenlich zuhalten.",1.1,Religionsangelegenheiten,Sekten/Ketzerei,",TÃ¤ufer; Aufenthalt; Verbot; Fremde", , , , , , , , , , , , , , , , , , , , , , , , , , , , , , , , , , , , , , , , , , , , , , , , , , , , , , , , , , , , , , , , , , , , , , , , , , , , , , , , , , , , , , , , , , , , , , , , , , , , , , , , , , , , , , , , , , , , 
BER.01.001.2674,BER.01.001,SchultheiÃŸ und Kleiner und GroÃŸer Rat der Stadt Bern,EV,1528,1798,BER,BER,1,Bern,EidgenÃ¶ssischer Ort,WL,EV,7,Claudia Schott-Volm,4/12/1698,1698,Verordnung,Canton of Bern,Canton of Bern,Schwarzenburg,Thun, , , , , , , , , , ,"StAB, A I 490, S. 345-347",StAB,A I 490,S. 345-347, ,1.1,Religionsangelegenheiten,Kirchenzucht,",Pfarrei; ZugehÃ¶rigkeit", , , , , , , , , , , , , , , , , , , , , , , , , , , , , , , , , , , , , , , , , , , , , , , , , , , , , , , , , , , , , , , , , , , , , , , , , , , , , , , , , , , , , , , , , , , , , , , , , , , , , , , , , , , , , , , , , , , , 
BER.01.001.2897,BER.01.001,SchultheiÃŸ und Kleiner und GroÃŸer Rat der Stadt Bern,EV,1528,1798,BER,BER,1,Bern,EidgenÃ¶ssischer Ort,WL,EV,7,Claudia Schott-Volm,7/19/1706,1706,Verordnung,Canton of Fribourg,Controlled by Bern,Murten,Echallens, , , , , , , , , , ,"StAB, A I 491, S. 84 f.",StAB,A I 491,S. 84 f.,Den allgemeinen BÃ¤ttag ussschreiben.,1.1,Religionsangelegenheiten,Feiertage/ReligiÃ¶se Feste,",BuÃŸ- & Bettag; Fastenzeit", , , , , , , , , , , , , , , , , , , , , , , , , , , , , , , , , , , , , , , , , , , , , , , , , , , , , , , , , , , , , , , , , , , , , , , , , , , , , , , , , , , , , , , , , , , , , , , , , , , , , , , , , , , , , , , , , , , , 
BER.01.001.2915,BER.01.001,SchultheiÃŸ und Kleiner und GroÃŸer Rat der Stadt Bern,EV,1528,1798,BER,BER,1,Bern,EidgenÃ¶ssischer Ort,WL,EV,7,Claudia Schott-Volm,6/7/1707,1707,Ordnung,Canton of Bern,Canton of Bern,Schwarzenburg, , , , , , , , , , , ,"StAB, A I 491, S. 134-138",StAB,A I 491,S. 134-138,Ihnen die Publication der letst in Truk aussgebener TeÃ¼ffer-Ordnung und derselben Handtobhaltung anbefehlen.,1.1,Religionsangelegenheiten,Geistlichkeit,",Predigt; AmtsausÃ¼bung; AmtsfÃ¼hrung; Aufsicht", ,2.4,Policey der Verwaltung und Justiz,Bekanntmachungswesen,",KanzelverkÃ¼ndung; TÃ¤uferordnung", , , , , , , , , , , , , , , , , , , , , , , , , , , , , , , , , , , , , , , , , , , , , , , , , , , , , , , , , , , , , , , , , , , , , , , , , , , , , , , , , , , , , , , , , , , , , , , , , , , , , , , , , , , , , , , 
BER.01.001.3003,BER.01.001,SchultheiÃŸ und Kleiner und GroÃŸer Rat der Stadt Bern,EV,1528,1798,BER,BER,1,Bern,EidgenÃ¶ssischer Ort,WL,EV,7,Claudia Schott-Volm,12/28/1709,1709,Verordnung,Canton of Vaud,Controlled by Bern,Grandson, , , , , , , , , , , ,"StAB, A I 491, S. 332-334",StAB,A I 491,S. 332-334,Wegen den TeÃ¼fferscheinen.,1.1,Religionsangelegenheiten,Sekten/Ketzerei,",TÃ¤ufer; Aufenthalt; Verbot; Fremde", ,1.2,BevÃ¶lkerungs- und Standeswesen; Herrschaftsverfassung,Aufenthalt,",Bedingungen", ,4.4,Arbeitsordnung,Dienstboten/Gesinde,",Zeugnispflicht", , , , , , , , , , , , , , , , , , , , , , , , , , , , , , , , , , , , , , , , , , , , , , , , , , , , , , , , , , , , , , , , , , , , , , , , , , , , , , , , , , , , , , , , , , , , , , , , , , , , , , , , , , 
BER.01.001.3004,BER.01.001,SchultheiÃŸ und Kleiner und GroÃŸer Rat der Stadt Bern,EV,1528,1798,BER,BER,1,Bern,EidgenÃ¶ssischer Ort,WL,EV,7,Claudia Schott-Volm,12/28/1709,1709,Verordnung,Canton of Bern (invaded),Controlled by Bern,Thun,Oberhofen,Emmental, , , , , , , , , ,"StAB, A I 491, S. 334 f.",StAB,A I 491,S. 334 f.,Wegen TeÃ¼fferen.,1.1,Religionsangelegenheiten,Sekten/Ketzerei,",TÃ¤ufer; Beherbergungsverbot", , , , , , , , , , , , , , , , , , , , , , , , , , , , , , , , , , , , , , , , , , , , , , , , , , , , , , , , , , , , , , , , , , , , , , , , , , , , , , , , , , , , , , , , , , , , , , , , , , , , , , , , , , , , , , , , , , , , 
BER.01.001.2998,BER.01.001,SchultheiÃŸ und Kleiner und GroÃŸer Rat der Stadt Bern,EV,1528,1798,BER,BER,1,Bern,EidgenÃ¶ssischer Ort,WL,EV,7,Claudia Schott-Volm,1/2/1710,1710,Verordnung,Canton of Bern,Canton of Bern,Bern, , , , , , , , , , , ,"StAB, A I 491, S. 322",StAB,A I 491,S. 322,An Herrn Decanum allhier.,1.1,Religionsangelegenheiten,Geistlichkeit,",AmtsausÃ¼bung; AmtsfÃ¼hrung; Aufsicht", , , , , , , , , , , , , , , , , , , , , , , , , , , , , , , , , , , , , , , , , , , , , , , , , , , , , , , , , , , , , , , , , , , , , , , , , , , , , , , , , , , , , , , , , , , , , , , , , , , , , , , , , , , , , , , , , , , , 
BER.01.001.3049,BER.01.001,SchultheiÃŸ und Kleiner und GroÃŸer Rat der Stadt Bern,EV,1528,1798,BER,BER,1,Bern,EidgenÃ¶ssischer Ort,WL,EV,7,Claudia Schott-Volm,3/21/1711,1711,Verordnung,Canton of Aargau,Controlled by Bern,Zofingen,Orpund, , , , , , , , , , ,"StAB, A I 491, S. 413 f.",StAB,A I 491,S. 413 f.,Die Capitulhaltung aussschreiben.,1.1,Religionsangelegenheiten,Kirchenorganisation,",Kapitel", ,2.4,Policey der Verwaltung und Justiz,AmtsfÃ¼hrung/AmtsmiÃŸbrauch,",Amtleute; Aufgaben; Kapitel", , , , , , , , , , , , , , , , , , , , , , , , , , , , , , , , , , , , , , , , , , , , , , , , , , , , , , , , , , , , , , , , , , , , , , , , , , , , , , , , , , , , , , , , , , , , , , , , , , , , , , , , , , , , , , , 
BER.01.001.3297,BER.01.001,SchultheiÃŸ und Kleiner und GroÃŸer Rat der Stadt Bern,EV,1528,1798,BER,BER,1,Bern,EidgenÃ¶ssischer Ort,WL,EV,7,Claudia Schott-Volm,9/11/1719,1719,Verordnung,Canton of Bern,Canton of Bern,Oberaargau,Bernese Oberland,BÃ¼ren,Schwarzenburg,Emmental, , , , , , , ,"StAB, A I 492, S. 528-530",StAB,A I 492,S. 528-530,Wegen verbÃ¼rgeten TÃ¤uffer Weiberen.,1.1,Religionsangelegenheiten,Sekten/Ketzerei,",TÃ¤ufer; Aufenthalt; Verbot; Fremde; Versammlungsverbot; Ãœberwachung; Landesverweisung; Frist", , , , , , , , , , , , , , , , , , , , , , , , , , , , , , , , , , , , , , , , , , , , , , , , , , , , , , , , , , , , , , , , , , , , , , , , , , , , , , , , , , , , , , , , , , , , , , , , , , , , , , , , , , , , , , , , , , , , 
BER.01.001.3311,BER.01.001,SchultheiÃŸ und Kleiner und GroÃŸer Rat der Stadt Bern,EV,1528,1798,BER,BER,1,Bern,EidgenÃ¶ssischer Ort,WL,EV,7,Claudia Schott-Volm,3/12/1720,1720,Verordnung,Canton of Bern,Canton of Bern,Oberaargau,Bernese Oberland,BÃ¼ren,Schwarzenburg,Emmental, , , , , , , ,"StAB, A I 492, S. 561-563",StAB,A I 492,S. 561-563,Wegen denen verbÃ¼rgeten TÃ¤ufferweiberen.,1.1,Religionsangelegenheiten,Sekten/Ketzerei,",TÃ¤ufer; Landesverweisung; Festnahme; GÃ¼ter", , , , , , , , , , , , , , , , , , , , , , , , , , , , , , , , , , , , , , , , , , , , , , , , , , , , , , , , , , , , , , , , , , , , , , , , , , , , , , , , , , , , , , , , , , , , , , , , , , , , , , , , , , , , , , , , , , , , 
BER.01.001.3314,BER.01.001,SchultheiÃŸ und Kleiner und GroÃŸer Rat der Stadt Bern,EV,1528,1798,BER,BER,1,Bern,EidgenÃ¶ssischer Ort,WL,EV,7,Claudia Schott-Volm,4/10/1720,1720,Verordnung,Canton of Bern,Canton of Bern,Erlach,Gals,BÃ¼ren,Nidau, , , , , , , , ,"StAB, A I 492, S. 572-574",StAB,A I 492,S. 572-574,"Die Undterthanen zu verwahrnen, sich nit in die Mississippianische Compagney zu begeben.",1.1,Religionsangelegenheiten,Konfession,",ReligionsausÃ¼bung; EinschrÃ¤nkung", ,2.2,Ã–ffentliche Sicherheit; KriminalitÃ¤t,Kriegslauf/Kriegsdienst,",Verbot", , , , , , , , , , , , , , , , , , , , , , , , , , , , , , , , , , , , , , , , , , , , , , , , , , , , , , , , , , , , , , , , , , , , , , , , , , , , , , , , , , , , , , , , , , , , , , , , , , , , , , , , , , , , , , , 
BER.01.001.3504,BER.01.001,SchultheiÃŸ und Kleiner und GroÃŸer Rat der Stadt Bern,EV,1528,1798,BER,BER,1,Bern,EidgenÃ¶ssischer Ort,WL,EV,7,Claudia Schott-Volm,5/1/1726,1726,Verordnung,Canton of Aargau,Controlled by Bern,Zofingen,Orpund, , , , , , , , , , ,"StAB, A I 493, S. 497",StAB,A I 493,S. 497,Ihnen zubefehlen denen Capitlen byzewohnen.,1.1,Religionsangelegenheiten,Kirchenorganisation,",Kapitel", ,2.4,Policey der Verwaltung und Justiz,AmtsfÃ¼hrung/AmtsmiÃŸbrauch,",Amtleute; Aufgaben; Kapitel", , , , , , , , , , , , , , , , , , , , , , , , , , , , , , , , , , , , , , , , , , , , , , , , , , , , , , , , , , , , , , , , , , , , , , , , , , , , , , , , , , , , , , , , , , , , , , , , , , , , , , , , , , , , , , , 
BER.01.001.3572,BER.01.001,SchultheiÃŸ und Kleiner und GroÃŸer Rat der Stadt Bern,EV,1528,1798,BER,BER,1,Bern,EidgenÃ¶ssischer Ort,WL,EV,7,Claudia Schott-Volm,8/25/1728,1728,Verordnung,Canton of Bern,Canton of Bern,Schwarzenburg, , , , , , , , , , , ,"StAB, A I 493, S. 881-883",StAB,A I 493,S. 881-883,Ihnen der neÃ¼wgetrukten Biblen halb Instruction ertheilen.,1.1,Religionsangelegenheiten,ReligiÃ¶se Unterweisung,",Bibel; Verteilung", ,4.3,'Industrielle' Produktion,Verlagswesen,",Bibel", , , , , , , , , , , , , , , , , , , , , , , , , , , , , , , , , , , , , , , , , , , , , , , , , , , , , , , , , , , , , , , , , , , , , , , , , , , , , , , , , , , , , , , , , , , , , , , , , , , , , , , , , , , , , , , 
BER.01.001.3599,BER.01.001,SchultheiÃŸ und Kleiner und GroÃŸer Rat der Stadt Bern,EV,1528,1798,BER,BER,1,Bern,EidgenÃ¶ssischer Ort,WL,EV,7,Claudia Schott-Volm,7/11/1729,1729,Verordnung,Canton of Vaud,Controlled by Bern,Echallens,Schwarzenburg,Grandson,Murten, , , , , , , , ,"StAB, A I 494, S. 5 f.",StAB,A I 494,S. 5 f.,Den BÃ¤ttag [...] aussschreiben.,1.1,Religionsangelegenheiten,Feiertage/ReligiÃ¶se Feste,",BuÃŸ- & Bettag; Fastenzeit,NÃ¤chster Bettag 1730, nicht mehr aufgenommen nach Absprache mit Herrn HÃ¤rter", , , , , , , , , , , , , , , , , , , , , , , , , , , , , , , , , , , , , , , , , , , , , , , , , , , , , , , , , , , , , , , , , , , , , , , , , , , , , , , , , , , , , , , , , , , , , , , , , , , , , , , , , , , , , , , , , , , , 
BER.01.001.3633,BER.01.001,SchultheiÃŸ und Kleiner und GroÃŸer Rat der Stadt Bern,EV,1528,1798,BER,BER,1,Bern,EidgenÃ¶ssischer Ort,WL,EV,7,Claudia Schott-Volm,6/18/1731,1731,Verordnung,Canton of Bern,Canton of Bern,Emmental,Bernese Oberland,Yverdon-les-Bains,RomainmÃ´tier,Nyon,Oberaargau, , , , , , ,"StAB, A I 494, S. 238 f.",StAB,A I 494,S. 238 f.,Wegen denen TÃ¤ufferen.,1.1,Religionsangelegenheiten,Sekten/Ketzerei,",TÃ¤ufer; Ãœberwachung", , , , , , , , , , , , , , , , , , , , , , , , , , , , , , , , , , , , , , , , , , , , , , , , , , , , , , , , , , , , , , , , , , , , , , , , , , , , , , , , , , , , , , , , , , , , , , , , , , , , , , , , , , , , , , , , , , , , 
BER.01.001.3658,BER.01.001,SchultheiÃŸ und Kleiner und GroÃŸer Rat der Stadt Bern,EV,1528,1798,BER,BER,1,Bern,EidgenÃ¶ssischer Ort,WL,EV,7,Claudia Schott-Volm,2/9/1733,1733,Verordnung,Canton of Bern,Canton of Bern,Bern, , , , , , , , , , , ,"StAB, A I 494, S. 410 f.",StAB,A I 494,S. 410 f.,Ihnen das lange Predigen verbieten.,1.1,Religionsangelegenheiten,Geistlichkeit,",Predigt", , , , , , , , , , , , , , , , , , , , , , , , , , , , , , , , , , , , , , , , , , , , , , , , , , , , , , , , , , , , , , , , , , , , , , , , , , , , , , , , , , , , , , , , , , , , , , , , , , , , , , , , , , , , , , , , , , , , 
BER.01.001.3691,BER.01.001,SchultheiÃŸ und Kleiner und GroÃŸer Rat der Stadt Bern,EV,1528,1798,BER,BER,1,Bern,EidgenÃ¶ssischer Ort,WL,EV,7,Claudia Schott-Volm,7/10/1734,1734,Verordnung,Canton of Bern (invaded),Controlled by Bern,Bernese Oberland,Emmental, , , , , , , , , , ,"StAB, A I 494, S. 650 f.",StAB,A I 494,S. 650 f.,Wegen tÃ¤ufferischen Versamblungen.,1.1,Religionsangelegenheiten,Sekten/Ketzerei,",TÃ¤ufer; Versammlungsverbot", , , , , , , , , , , , , , , , , , , , , , , , , , , , , , , , , , , , , , , , , , , , , , , , , , , , , , , , , , , , , , , , , , , , , , , , , , , , , , , , , , , , , , , , , , , , , , , , , , , , , , , , , , , , , , , , , , , , 
BER.01.001.3810,BER.01.001,SchultheiÃŸ und Kleiner und GroÃŸer Rat der Stadt Bern,EV,1528,1798,BER,BER,1,Bern,EidgenÃ¶ssischer Ort,WL,EV,7,Claudia Schott-Volm,1/13/1741,1741,Verordnung,Canton of Bern (invaded),Controlled by Bern,Saanen,Aigle, , , , , , , , , , ,"StAB, A I 496, S. 189-191",StAB,A I 496,S. 189-191,Wein Debite der Welschen Predigkanten halber.,1.1,Religionsangelegenheiten,Geistlichkeit,",Wein; Verkauf", , , , , , , , , , , , , , , , , , , , , , , , , , , , , , , , , , , , , , , , , , , , , , , , , , , , , , , , , , , , , , , , , , , , , , , , , , , , , , , , , , , , , , , , , , , , , , , , , , , , , , , , , , , , , , , , , , , , 
BER.01.001.4011,BER.01.001,SchultheiÃŸ und Kleiner und GroÃŸer Rat der Stadt Bern,EV,1528,1798,BER,BER,1,Bern,EidgenÃ¶ssischer Ort,WL,EV,7,Claudia Schott-Volm,6/20/1752,1752,Verordnung,Canton of Fribourg,Controlled by Bern,Burgdorf, , , , , , , , , , , ,"StAB, A I 498, S. 243-245",StAB,A I 498,S. 243-245, ,1.1,Religionsangelegenheiten,Kirchenorganisation,",Gottesdienstgang; Predigt; Visitation", ,1.1,Religionsangelegenheiten,ReligiÃ¶se Unterweisung,",Gottesdienstgang; Predigt; Visitation", ,1.1,Religionsangelegenheiten,Sonntagsheiligung,",Gottesdienstgang; Predigt; Visitation", , , , , , , , , , , , , , , , , , , , , , , , , , , , , , , , , , , , , , , , , , , , , , , , , , , , , , , , , , , , , , , , , , , , , , , , , , , , , , , , , , , , , , , , , , , , , , , , , , , , , , , , , , 
BER.01.001.4020,BER.01.001,SchultheiÃŸ und Kleiner und GroÃŸer Rat der Stadt Bern,EV,1528,1798,BER,BER,1,Bern,EidgenÃ¶ssischer Ort,WL,EV,7,Claudia Schott-Volm,1/25/1753,1753,Verordnung,Canton of Bern,Canton of Bern,Emmental,Laupen,Bernese Oberland,Burgdorf,Schwarzenburg, , , , , , , ,"StAB, A I 498, S. 375-388",StAB,A I 498,S. 375-388,Verordnung wegen denen Sectiereren.,1.1,Religionsangelegenheiten,Konfession,",Versammlungsverbot; Verbot", ,1.1,Religionsangelegenheiten,Sekten/Ketzerei,",Versammlungsverbot; Verbot", , , , , , , , , , , , , , , , , , , , , , , , , , , , , , , , , , , , , , , , , , , , , , , , , , , , , , , , , , , , , , , , , , , , , , , , , , , , , , , , , , , , , , , , , , , , , , , , , , , , , , , , , , , , , , , 
BER.01.001.4145,BER.01.001,SchultheiÃŸ und Kleiner und GroÃŸer Rat der Stadt Bern,EV,1528,1798,BER,BER,1,Bern,EidgenÃ¶ssischer Ort,WL,EV,7,Claudia Schott-Volm,1/1/1757,1757,Chorgerichtssatzung,Canton of Vaud,Controlled by Bern,Grandson,Echallens,Murten, , , , , , , , , ,"StAB, A I 499, gedruckte Einlage ab S. 567",StAB,A I 499,gedruckte Einlage ab S. 567,"Chorgricht-Satzung fÃ¼r die drey Gemeine Aemter Murten, Grandson und Tscherlitz.",1.1,Religionsangelegenheiten,GotteslÃ¤sterung,",SchwÃ¶ren & Fluchen", ,1.5,Sittlichkeit; Ehe- und Familie; SexualitÃ¤t,EheschlieÃŸung,",Bedingungen; Arme; MinderjÃ¤hrige; Verbot; AuÃŸerterritorial", ,1.5,Sittlichkeit; Ehe- und Familie; SexualitÃ¤t,Ehebruch,",Bedingungen; Arme; MinderjÃ¤hrige; Verbot; AuÃŸerterritorial", ,1.5,Sittlichkeit; Ehe- und Familie; SexualitÃ¤t,Ehescheidung, , ,1.5, , , , ,1.5, , , , ,2.1, , , , ,2.1, , , , ,2.1, , , , ,2.1, , , , ,2.4, , , , , , , , , , , , , , , , , , , , , , , , , , , , , , , , , , , , , , , , , , , , , , , , , , , , , , , , , , , , , , , , , , , , , 
BER.01.001.4081,BER.01.001,SchultheiÃŸ und Kleiner und GroÃŸer Rat der Stadt Bern,EV,1528,1798,BER,BER,1,Bern,EidgenÃ¶ssischer Ort,WL,EV,7,Claudia Schott-Volm,3/7/1757,1757,Verordnung,Canton of Vaud,Controlled by Bern,Yverdon-les-Bains,RomainmÃ´tier, , , , , , , , , , ,"StAB, A I 499, S. 120 f.",StAB,A I 499,S. 120 f.,Wie es wegen Haltung dess Kelchs bey der Communion zu observieren.,1.1,Religionsangelegenheiten,Kirchenzucht,",Sakramente (Einhaltung", , , , , , , , , , , , , , , , , , , , , , , , , , , , , , , , , , , , , , , , , , , , , , , , , , , , , , , , , , , , , , , , , , , , , , , , , , , , , , , , , , , , , , , , , , , , , , , , , , , , , , , , , , , , , , , , , , , , 
BER.01.001.4197,BER.01.001,SchultheiÃŸ und Kleiner und GroÃŸer Rat der Stadt Bern,EV,1528,1798,BER,BER,1,Bern,EidgenÃ¶ssischer Ort,WL,EV,7,Claudia Schott-Volm,2/27/1764,1764,Verordnung,Canton of Bern,Canton of Bern,Bern, , , , , , , , , , , ,"StAB, A I 501, S. 282",StAB,A I 501,S. 282,Verbott des Spihlens an Sonn- und Feyrtagen.,1.1,Religionsangelegenheiten,Feiertage/ReligiÃ¶se Feste,",Spielen; VergnÃ¼gungen", ,1.1,Religionsangelegenheiten,Sonntagsheiligung,",Spielen; VergnÃ¼gungen", , , , , , , , , , , , , , , , , , , , , , , , , , , , , , , , , , , , , , , , , , , , , , , , , , , , , , , , , , , , , , , , , , , , , , , , , , , , , , , , , , , , , , , , , , , , , , , , , , , , , , , , , , , , , , , 
BER.01.001.4328,BER.01.001,SchultheiÃŸ und Kleiner und GroÃŸer Rat der Stadt Bern,EV,1528,1798,BER,BER,1,Bern,EidgenÃ¶ssischer Ort,WL,EV,7,Claudia Schott-Volm,12/18/1771,1771,Verordnung,Canton of Vaud,Controlled by Bern,Lausanne,Oron,Yverdon-les-Bains,Moudon,Payerne,Avenches,Vevey, , , , , ,"StAB, A I 504, S. 403-405 &408-411",StAB,A I 504,S. 403-405 &408-411,"Ihnen den zwischen MngH. und lobl. Stand Freyburg in Annis 1678. et 1757. getroffenen Verglich, wegen Fuhrungen an Sonn- und FÃ¤sttagen Copeyen zusenden um darob Hand obzuhalten.",1.1,Religionsangelegenheiten,Feiertage/ReligiÃ¶se Feste,",Handelswege", ,1.1,Religionsangelegenheiten,Sonntagsheiligung,",Handelswege", ,4.6,Handel und Dienstleistungen,Handelsbedingungen,",Binnenhandel; Handelswege", , , , , , , , , , , , , , , , , , , , , , , , , , , , , , , , , , , , , , , , , , , , , , , , , , , , , , , , , , , , , , , , , , , , , , , , , , , , , , , , , , , , , , , , , , , , , , , , , , , , , , , , , , 
BER.01.001.4477,BER.01.001,SchultheiÃŸ und Kleiner und GroÃŸer Rat der Stadt Bern,EV,1528,1798,BER,BER,1,Bern,EidgenÃ¶ssischer Ort,WL,EV,7,Claudia Schott-Volm,2/22/1780,1780,Verordnung,Canton of Bern,Canton of Bern,Schwarzenburg,Echallens,Grandson,Murten, , , , , , , , ,"StAB, A I 507, S. 346 f.",StAB,A I 507,S. 346 f.,"Die Pfarrhrn. sollen alle Jahr die in ihren Kirchen vorgefallenen Einsegnungen von Ehen hiesiger Burger und ewigen Einwohneren, Mhwh. des Oberen Chorgrichts einberichten; anbey eine Verzeichniss seit dem Jahre 1650 von dergleichen Copulationen, biss 8. April einsenden.",1.1,Religionsangelegenheiten,Geistlichkeit,",AmtsausÃ¼bung; AmtsfÃ¼hrung", ,1.2,BevÃ¶lkerungs- und Standeswesen; Herrschaftsverfassung,Standeswesen,",Heirat; Register; Beurkundung", , , , , , , , , , , , , , , , , , , , , , , , , , , , , , , , , , , , , , , , , , , , , , , , , , , , , , , , , , , , , , , , , , , , , , , , , , , , , , , , , , , , , , , , , , , , , , , , , , , , , , , , , , , , , , , 
BER.01.001.4810,BER.01.001,SchultheiÃŸ und Kleiner und GroÃŸer Rat der Stadt Bern,EV,1528,1798,BER,BER,1,Bern,EidgenÃ¶ssischer Ort,WL,EV,7,Claudia Schott-Volm,6/30/1796,1796,Verordnung,Canton of Bern,Canton of Bern,Schwarzenburg,Grandson,Echallens,Orbe,Murten, , , , , , , ,"StAB, A I 513, S. 362 f.",StAB,A I 513,S. 362 f.,"Verbott aller Handarbeiten an Sontagen, dringende NotfÃ¤lle ausgenommen.",1.1,Religionsangelegenheiten,Feiertage/ReligiÃ¶se Feste,",Sonntagsarbeit; Genehmigung", ,1.1,Religionsangelegenheiten,Sonntagsheiligung,",Sonntagsarbeit; Genehmigung", , , , , , , , , , , , , , , , , , , , , , , , , , , , , , , , , , , , , , , , , , , , , , , , , , , , , , , , , , , , , , , , , , , , , , , , , , , , , , , , , , , , , , , , , , , , , , , , , , , , , , , , , , , , , , , 
