LawID,LegislatorID,LegislatorName,LegislatorReligion,LegislatorRuleBegin,LegislatorRuleEnd,TerID,TerShortLabel,TerSeq,TerLabel,TerType1,TerType2,TerReligion,TerPublished,TerEditor,Date,Form,Scope_clean 2,Scope_clean 3,Scope_clean 4,Scope_clean 5,Scope_clean 6,Scope_clean 7,Scope_clean 8,Scope_clean 9,Scope_clean 10,Scope_clean 11,Scope_clean 12,Scope_clean 13,Archive,StAB,Archive_folder,Pages,Title,Matters_level2_num01,Matters_level2_01,Matters_level3_01,Matters_level4_01,Matters_01_addinfo,Matters_level2_num02,Matters_level2_02,Matters_level3_02,Matters_level4_02,Matters_02_addinfo,Matters_level2_num03,Matters_level2_03,Matters_level3_03,Matters_level4_03,Matters_03_addinfo,Matters_level2_num04,Matters_level2_04,Matters_level3_04,Matters_level4_04,Matters_04_addinfo,Matters_level2_num05,Matters_level2_05,Matters_level3_05,Matters 5 5,Matters_level4_05,Matters_level2_num06,Matters_level2_06,Matters_level3_06,Matters_level4_06,Matters_06_addinfo,Matters_level2_num07,Matters_level2_07,Matters_level3_07,Matters_level4_07,Matters_07_addinfo,Matters_level2_num08,Matters_level2_08,Matters_level3_08,Matters_level4_08,Matters_08_addinfo,Matters_level2_num09,Matters_level2_09,Matters_level3_09,Matters_level4_09,Matters_09_addinfo,Matters_level2_num10,Matters_level2_10,Matters_level3_10,Matters_level4_10,Matters_10_addinfo,Matters_level2_num11,Matters_level2_11,Matters_level3_11,Matters_level4_11,Matters_level2_num12,Matters_level2_12,Matters_level3_12,Matters_level4_12,Matters_level2_num13,Matters_level2_13,Matters_level3_13,Matters_level4_13,Matters_level2_num14,Matters_level2_14,Matters_level3_14,Matters_level4_14,Matters_14_addinfo,Matters_level2_num15,Matters_level2_15,Matters_level3_15,Matters_level4_15,Matters_level2_num16,Matters_level2_16,Matters_level3_16,Matters_level4_16,Matters_level2_num17,Matters_level2_17,Matters_level3_17,Matters_level4_17,Matters_17_addinfo,Matters_level2_num18,Matters_level2_18,Matters_level3_18,Matters_level4_18,Matters_18_addinfo,Matters_level2_num19,Matters_level2_19,Matters_level3_19,Matters_level4_19,Matters_level2_num20,Matters_level2_20,Matters_level3_20,Matters_level4_20,Matters_level2_num21,Matters_level2_21,Matters_level3_21,Matters_level4_21,Matters_level2_num22,Matters_level2_22,Matters_level3_22,Matters_level4_22,Matters_22_addinfo,Matters_level2_num23,Matters_level2_23,Matters_level3_23,Matters_level4_23,Matters_23_addinfo,Matters_level2_num24,Matters_level2_24,Matters_level3_24,Matters_level4_24,Matters_24_addinfo,Matters_level2_num25,Matters_level2_25,Matters_level3_25,Matters_level4_25,Matters_level2_num26,Matters_level2_26,Matters_level3_26,Matters_level4_26
BER.01.001.0366,BER.01.001,Schultheiß und Kleiner und Großer Rat der Stadt Bern,EV,1528,1798,BER,BER,01,Bern,Eidgenössischer Ort,WL,EV,7,Claudia Schott-Volm,1602-10-28T00:00:00Z,Verordnung,Signau,,,,,,,,,,,,"StAB, A I 481, S. 78",StAB,A I 481,S. 78,Der Thoufferen unnd deren halben so vor Empfachung des Herren Nachtmals sich in die Wirtshüser verfügen.,1.1,Religionsangelegenheiten,Kirchenzucht,",Entweihung Sakramente",,1.1,Religionsangelegenheiten,Sekten/Ketzerei,",Täufer",,4.6,Handel und Dienstleistungen,Bewirtung/Gaststätten,",Alkoholausschank",,,,,,,,,,,,,,,,,,,,,,,,,,,,,,,,,,,,,,,,,,,,,,,,,,,,,,,,,,,,,,,,,,,,,,,,,,,,,,,,,,,,,,,,,,,,,,,,,,,,,,,,,,
BER.01.001.0392,BER.01.001,Schultheiß und Kleiner und Großer Rat der Stadt Bern,EV,1528,1798,BER,BER,01,Bern,Eidgenössischer Ort,WL,EV,7,Claudia Schott-Volm,1604-08-07T00:00:00Z,Verordnung,Bolligen,Bremgarten bei Bern,Bümpliz,Köniz,Muri,,,,,,,,"StAB, A I 481, S. 118",StAB,A I 481,S. 118,Den Predikanten.,1.1,Religionsangelegenheiten,Geistlichkeit,",Amtsführung",,1.5,Sittlichkeit; Ehe- und Familie; Sexualität,Eheschließung,",Bedingungen",,,,,,,,,,,,,,,,,,,,,,,,,,,,,,,,,,,,,,,,,,,,,,,,,,,,,,,,,,,,,,,,,,,,,,,,,,,,,,,,,,,,,,,,,,,,,,,,,,,,,,,,,,,,,,,
BER.01.001.4933,BER.01.001,Schultheiß und Kleiner und Großer Rat der Stadt Bern,EV,1528,1798,BER,BER,01,Bern,Eidgenössischer Ort,WL,EV,7,Claudia Schott-Volm,1615-11-15T00:00:00Z,Verordnung,Murten,,,,,,,,,,,,"StAB, A I 482, S. 356",StAB,A I 482,S. 356,Wegen Abstellung der überflüssigen Geväterten.,1.1,Religionsangelegenheiten,Geistlichkeit,",Amtsausübung; Taufe; Patenschaft",,1.1,Religionsangelegenheiten,Kirchenzucht,",Amtsausübung; Taufe; Patenschaft",,,,,,,,,,,,,,,,,,,,,,,,,,,,,,,,,,,,,,,,,,,,,,,,,,,,,,,,,,,,,,,,,,,,,,,,,,,,,,,,,,,,,,,,,,,,,,,,,,,,,,,,,,,,,,,
BER.01.001.0753,BER.01.001,Schultheiß und Kleiner und Großer Rat der Stadt Bern,EV,1528,1798,BER,BER,01,Bern,Eidgenössischer Ort,WL,EV,7,Claudia Schott-Volm,1624-06-30T00:00:00Z,Verordnung,Emmental,Bernese Oberland,Seftigen,Konolfingen,Limpach,Canton Aargau,,,,,,,"StAB, A I 483, S. 150 f.",StAB,A I 483,S. 150 f.,Wegen der Toüfferen.,1.1,Religionsangelegenheiten,Sekten/Ketzerei,",Täufer",,,,,,,,,,,,,,,,,,,,,,,,,,,,,,,,,,,,,,,,,,,,,,,,,,,,,,,,,,,,,,,,,,,,,,,,,,,,,,,,,,,,,,,,,,,,,,,,,,,,,,,,,,,,,,,,,,,,
BER.01.001.0968,BER.01.001,Schultheiß und Kleiner und Großer Rat der Stadt Bern,EV,1528,1798,BER,BER,01,Bern,Eidgenössischer Ort,WL,EV,7,Claudia Schott-Volm,1635-11-16T00:00:00Z,Verordnung,Aarwangen,Oberbipp,Aarburg,Trachselwald,Sumiswald,Wangen,,,,,,,"StAB, A I 484, fol. 81r",StAB,A I 484,fol. 81r,Wegen Anstellung unnd Administration dess Herrn Nachtmals uff den Palmtag.,1.1,Religionsangelegenheiten,Geistlichkeit,",Gottesdienstgang; Amtsausübung",,1.1,Religionsangelegenheiten,Sonntagsheiligung,",Gottesdienstgang; Amtsausübung",,,,,,,,,,,,,,,,,,,,,,,,,,,,,,,,,,,,,,,,,,,,,,,,,,,,,,,,,,,,,,,,,,,,,,,,,,,,,,,,,,,,,,,,,,,,,,,,,,,,,,,,,,,,,,,
BER.01.001.4840,BER.01.001,Schultheiß und Kleiner und Großer Rat der Stadt Bern,EV,1528,1798,BER,BER,01,Bern,Eidgenössischer Ort,WL,EV,7,Claudia Schott-Volm,1643-04-24T00:00:00Z,Verordnung,Seedorf,Krauchthal,Windisch,Interlaken,,,,,,,,,"StAB, A I 484, fol. 336v-337r",StAB,A I 484,fol. 336v-337r,Abstellung der Stöhren.,1.1,Religionsangelegenheiten,Kirchenorganisation,",Rechnungswesen; Kosten; Stör",,1.1,Religionsangelegenheiten,Klosterwesen/Orden,",Rechnungswesen; Kosten; Stör",,,,,,,,,,,,,,,,,,,,,,,,,,,,,,,,,,,,,,,,,,,,,,,,,,,,,,,,,,,,,,,,,,,,,,,,,,,,,,,,,,,,,,,,,,,,,,,,,,,,,,,,,,,,,,,
BER.01.001.1301,BER.01.001,Schultheiß und Kleiner und Großer Rat der Stadt Bern,EV,1528,1798,BER,BER,01,Bern,Eidgenössischer Ort,WL,EV,7,Claudia Schott-Volm,1644-06-07T00:00:00Z,Ordnung,Laupen,Aarberg,Seedorf,Münchenbuchsee,Fraubrunnen,Krauchthal,,,,,,,"StAB, A I 485, S. 22 f.",StAB,A I 485,S. 22 f.,"Abstellung 1. underschidenlicher Missbrüchen, 2. alten Ysenkauffs.",1.1,Religionsangelegenheiten,Sonntagsheiligung,",Vergnügungen; Zunftversammlung; Spielen; Nachhochzeit; Mahlzeiten",,4.5,Handwerk und Gewerbe,Handwerksmißstände,",Eisenverarbeitung",,4.5,Handwerk und Gewerbe,Zunftwesen,",Eisenverarbeitung",,4.6,Handel und Dienstleistungen,Handelsbedingungen,",Alteisen; Fremde",,,,,,,,,,,,,,,,,,,,,,,,,,,,,,,,,,,,,,,,,,,,,,,,,,,,,,,,,,,,,,,,,,,,,,,,,,,,,,,,,,,,,,,,,,,,,,,,,,,,,
BER.01.001.1308,BER.01.001,Schultheiß und Kleiner und Großer Rat der Stadt Bern,EV,1528,1798,BER,BER,01,Bern,Eidgenössischer Ort,WL,EV,7,Claudia Schott-Volm,1644-10-26T00:00:00Z,Verordnung,Trachselwald,Signau,Lützelflüh,Lenzburg,,,,,,,,,"StAB, A I 485, S. 41 f.",StAB,A I 485,S. 41 f.,Ihnen die Execution dess jüngsten Teüffer-Mandats anbevelchen.,1.1,Religionsangelegenheiten,Sekten/Ketzerei,",Täufer",,2.4,Policey der Verwaltung und Justiz,Amtsführung/Amtsmißbrauch,",Amtleute; Aufgaben; Pflichten; Aufsichtspflicht",,,,,,,,,,,,,,,,,,,,,,,,,,,,,,,,,,,,,,,,,,,,,,,,,,,,,,,,,,,,,,,,,,,,,,,,,,,,,,,,,,,,,,,,,,,,,,,,,,,,,,,,,,,,,,,
BER.01.001.1319,BER.01.001,Schultheiß und Kleiner und Großer Rat der Stadt Bern,EV,1528,1798,BER,BER,01,Bern,Eidgenössischer Ort,WL,EV,7,Claudia Schott-Volm,1645-02-14T00:00:00Z,Verordnung,Orpund,Chéserex,,,,,,,,,,,"StAB, A I 485, S. 62",StAB,A I 485,S. 62,Wegen Haltung eines algemeinen Fast- und Bättags.,1.1,Religionsangelegenheiten,Feiertage/Religiöse Feste,",Buß- & Bettag; Fastenzeit; Gute Werke",,,,,,,,,,,,,,,,,,,,,,,,,,,,,,,,,,,,,,,,,,,,,,,,,,,,,,,,,,,,,,,,,,,,,,,,,,,,,,,,,,,,,,,,,,,,,,,,,,,,,,,,,,,,,,,,,,,,
BER.01.001.1328,BER.01.001,Schultheiß und Kleiner und Großer Rat der Stadt Bern,EV,1528,1798,BER,BER,01,Bern,Eidgenössischer Ort,WL,EV,7,Claudia Schott-Volm,1645-07-12T00:00:00Z,Verordnung,Aarberg,Nidau,Büren,Münchenbuchsee,Landshut,Seedorf,Erlach,,,,,,"StAB, A I 485, S. 79 f.",StAB,A I 485,S. 79 f.,Danksagung irer am Canal verrichteten Ehrtagwerch.,1.1,Religionsangelegenheiten,Geistlichkeit,",Predigt; Amtsausübung",,,,,,,,,,,,,,,,,,,,,,,,,,,,,,,,,,,,,,,,,,,,,,,,,,,,,,,,,,,,,,,,,,,,,,,,,,,,,,,,,,,,,,,,,,,,,,,,,,,,,,,,,,,,,,,,,,,,
BER.01.001.1358,BER.01.001,Schultheiß und Kleiner und Großer Rat der Stadt Bern,EV,1528,1798,BER,BER,01,Bern,Eidgenössischer Ort,WL,EV,7,Claudia Schott-Volm,1646-11-30T00:00:00Z,Ordnung,Chéserex,Orpund,,,,,,,,,,,"StAB, A I 485, S. 146-148",StAB,A I 485,S. 146-148,"Wegen Verbesser- und Erhalttung der Ambt- und Pfrundhüseren, und Güttern: Item selbs eigner Reichung der Predicanten Pension Weins.",1.1,Religionsangelegenheiten,Geistlichkeit,",Wein; Viktualien; Besoldung",,5.4,Bauwesen und Infrastruktur,Bauwesen,",Gebäude; Pfrundhaus",,,,,,,,,,,,,,,,,,,,,,,,,,,,,,,,,,,,,,,,,,,,,,,,,,,,,,,,,,,,,,,,,,,,,,,,,,,,,,,,,,,,,,,,,,,,,,,,,,,,,,,,,,,,,,,
BER.01.001.1364,BER.01.001,Schultheiß und Kleiner und Großer Rat der Stadt Bern,EV,1528,1798,BER,BER,01,Bern,Eidgenössischer Ort,WL,EV,7,Claudia Schott-Volm,1647-04-22T00:00:00Z,Verordnung,Chéserex,Orpund,,,,,,,,,,,"StAB, A I 485, S. 160-162",StAB,A I 485,S. 160-162,Wegen eines abermahligen Fast- und Bättags.,1.1,Religionsangelegenheiten,Feiertage/Religiöse Feste,",Buß- & Bettag; Fastenzeit; Gottesdienstgang",,,,,,,,,,,,,,,,,,,,,,,,,,,,,,,,,,,,,,,,,,,,,,,,,,,,,,,,,,,,,,,,,,,,,,,,,,,,,,,,,,,,,,,,,,,,,,,,,,,,,,,,,,,,,,,,,,,,
BER.01.001.1376,BER.01.001,Schultheiß und Kleiner und Großer Rat der Stadt Bern,EV,1528,1798,BER,BER,01,Bern,Eidgenössischer Ort,WL,EV,7,Claudia Schott-Volm,1647-09-04T00:00:00Z,Verordnung,Nidau,Erlach,Büren,Aarberg,,,,,,,,,"StAB, A I 485, S. 183 f.",StAB,A I 485,S. 183 f.,Wider das gar überhandnemmende Fluchen und Schweren.,1.1,Religionsangelegenheiten,Geistlichkeit,",Schwören & Fluchen; Duldung; Zuhörer; Obrigkeiten; Gott; Predigt; Amtsausübung; Lebensführung",,1.1,Religionsangelegenheiten,Gotteslästerung,",Schwören & Fluchen; Duldung; Zuhörer; Obrigkeiten; Gott; Predigt; Amtsausübung; Lebensführung",,1.5,Sittlichkeit; Ehe- und Familie; Sexualität,Familie/Eheführung,",Kindererziehung",,,,,,,,,,,,,,,,,,,,,,,,,,,,,,,,,,,,,,,,,,,,,,,,,,,,,,,,,,,,,,,,,,,,,,,,,,,,,,,,,,,,,,,,,,,,,,,,,,,,,,,,,,
BER.01.001.1380,BER.01.001,Schultheiß und Kleiner und Großer Rat der Stadt Bern,EV,1528,1798,BER,BER,01,Bern,Eidgenössischer Ort,WL,EV,7,Claudia Schott-Volm,1647-12-31T00:00:00Z,Verordnung,Seedorf,Münchenbuchsee,Krauchthal,Fraubrunnen,Laupen,,,,,,,,"StAB, A I 485, S. 190-192",StAB,A I 485,S. 190-192,"1. Insechen wider der Landtleüten Unwesen in der Stadt an den Wuchenmäriten. 2. Ob den ussgeschribnen Ordnungen, wider allerley Üppigkeit zehalten.",1.1,Religionsangelegenheiten,Geistlichkeit,",Predigt",,2.1,Vergnügungen; Öffentliche Leichtfertigkeit,Umzüge/Feste,",Zusammenkünfte; Fastnacht; Feuerwerk; Mummenschanz",,2.2,Öffentliche Sicherheit; Kriminalität,Sicherung Stadt/Land,",Kirchweih",,,,,,,,,,,,,,,,,,,,,,,,,,,,,,,,,,,,,,,,,,,,,,,,,,,,,,,,,,,,,,,,,,,,,,,,,,,,,,,,,,,,,,,,,,,,,,,,,,,,,,,,,,
BER.01.001.1401,BER.01.001,Schultheiß und Kleiner und Großer Rat der Stadt Bern,EV,1528,1798,BER,BER,01,Bern,Eidgenössischer Ort,WL,EV,7,Claudia Schott-Volm,1648-09-15T00:00:00Z,Verordnung,Münchenbuchsee,Gals,Fraubrunnen,,,,,,,,,,"StAB, A I 485, S. 238 f.",StAB,A I 485,S. 238 f.,Inen ire geschwulnen ordinari Vass reformieren.,1.1,Religionsangelegenheiten,Klosterwesen/Orden,",Klosterwesen; Vögte; Mißbräuche; Weinfässer",,,,,,,,,,,,,,,,,,,,,,,,,,,,,,,,,,,,,,,,,,,,,,,,,,,,,,,,,,,,,,,,,,,,,,,,,,,,,,,,,,,,,,,,,,,,,,,,,,,,,,,,,,,,,,,,,,,,
BER.01.001.1454,BER.01.001,Schultheiß und Kleiner und Großer Rat der Stadt Bern,EV,1528,1798,BER,BER,01,Bern,Eidgenössischer Ort,WL,EV,7,Claudia Schott-Volm,1650-09-16T00:00:00Z,Verordnung,Murten,Echallens,,,,,,,,,,,"StAB, A I 485, S. 324 f.",StAB,A I 485,S. 324 f.,Ausschreibung eines Fasttags.,1.1,Religionsangelegenheiten,Feiertage/Religiöse Feste,",Buß- & Bettag; Fastenzeit; Gute Werke",,,,,,,,,,,,,,,,,,,,,,,,,,,,,,,,,,,,,,,,,,,,,,,,,,,,,,,,,,,,,,,,,,,,,,,,,,,,,,,,,,,,,,,,,,,,,,,,,,,,,,,,,,,,,,,,,,,,
BER.01.001.1462,BER.01.001,Schultheiß und Kleiner und Großer Rat der Stadt Bern,EV,1528,1798,BER,BER,01,Bern,Eidgenössischer Ort,WL,EV,7,Claudia Schott-Volm,1651-04-07T00:00:00Z,Verordnung,Burgdorf,Büren,Nidau,Aarau,Brugg,Thun,,,,,,,"StAB, A I 485, S. 348 f.",StAB,A I 485,S. 348 f.,An die Herren Decanen.,1.1,Religionsangelegenheiten,Kirchenorganisation,",Kapitel",,,,,,,,,,,,,,,,,,,,,,,,,,,,,,,,,,,,,,,,,,,,,,,,,,,,,,,,,,,,,,,,,,,,,,,,,,,,,,,,,,,,,,,,,,,,,,,,,,,,,,,,,,,,,,,,,,,,
BER.01.001.1499,BER.01.001,Schultheiß und Kleiner und Großer Rat der Stadt Bern,EV,1528,1798,BER,BER,01,Bern,Eidgenössischer Ort,WL,EV,7,Claudia Schott-Volm,1652-05-03T00:00:00Z,Verordnung,Burgdorf,Büren,Nidau,Langenthal,Aarau,Brugg,Thun,,,,,,"StAB, A I 485, S. 415",StAB,A I 485,S. 415,Ann die Herren Decanen [ [...],1.1,Religionsangelegenheiten,Kirchenorganisation,",Kapitel",,,,,,,,,,,,,,,,,,,,,,,,,,,,,,,,,,,,,,,,,,,,,,,,,,,,,,,,,,,,,,,,,,,,,,,,,,,,,,,,,,,,,,,,,,,,,,,,,,,,,,,,,,,,,,,,,,,,
BER.01.001.1503,BER.01.001,Schultheiß und Kleiner und Großer Rat der Stadt Bern,EV,1528,1798,BER,BER,01,Bern,Eidgenössischer Ort,WL,EV,7,Claudia Schott-Volm,1652-07-19T00:00:00Z,Verordnung,Echallens,Murten,Grandson,Schwarzenburg,,,,,,,,,"StAB, A I 485, S. 419 f.",StAB,A I 485,S. 419 f.,Fast- Buss- und Bättag.,1.1,Religionsangelegenheiten,Feiertage/Religiöse Feste,",Buß- & Bettag; Fastenzeit",,,,,,,,,,,,,,,,,,,,,,,,,,,,,,,,,,,,,,,,,,,,,,,,,,,,,,,,,,,,,,,,,,,,,,,,,,,,,,,,,,,,,,,,,,,,,,,,,,,,,,,,,,,,,,,,,,,,
BER.01.001.1540,BER.01.001,Schultheiß und Kleiner und Großer Rat der Stadt Bern,EV,1528,1798,BER,BER,01,Bern,Eidgenössischer Ort,WL,EV,7,Claudia Schott-Volm,1653-10-06T00:00:00Z,Ordnung,Sumiswald,,Trachselwald,,,,,,,,,,"StAB, A I 485, S. 501-505 & 508-513",StAB,A I 485,S. 501-505 & 508-513,Emmentalische bewilligte Articul.,1.1,Religionsangelegenheiten,Kirchenorganisation,",Kirchenorganisation; Vermögen; Rechnungswesen,Landsgemeinde u. Ehrschatz nich eingegeben",,2.4,Policey der Verwaltung und Justiz,Amtsführung/Amtsmißbrauch,",Übermäßige Gebühren; Übermäßige Spesen; Boten; Gerichte; Gebühren; Buße",,2.4,Policey der Verwaltung und Justiz,Strafvollstreckung,",Übermäßige Gebühren; Übermäßige Spesen; Boten; Gerichte; Gebühren; Buße",,4.1,Landwirtschaft,Ernteordnung/Feudalabgaben,",Gült",,4.5,Handwerk und Gewerbe,Müller/Mühlen,",Bezirke",,4.6,Handel und Dienstleistungen,Handelsbedingungen,",Ausfuhr; Vieh; Pferde; Butter; Molke; Getreide; Ausländische Kaufleute; Ausländer; Trattengeld",,4.6,Handel und Dienstleistungen,Zölle,",Ausfuhr; Vieh; Pferde; Butter; Molke; Getreide; Ausländische Kaufleute; Ausländer; Trattengeld",,4.7,Geld- und Kreditwesen,Münzwesen,",Münzfuß",,,,,,,,,,,,,,,,,,,,,,,,,,,,,,,,,,,,,,,,,,,,,,,,,,,,,,,,,,,,,,,,,,,,,,,,,,,,,,,,,
BER.01.001.1542,BER.01.001,Schultheiß und Kleiner und Großer Rat der Stadt Bern,EV,1528,1798,BER,BER,01,Bern,Eidgenössischer Ort,WL,EV,7,Claudia Schott-Volm,1653-10-17T00:00:00Z,Verordnung,Echallens,Murten,Schwarzenburg,Val Müstair,Villeneuve,Grandson,,,,,,,"StAB, A I 485, S. 515 f.",StAB,A I 485,S. 515 f.,Ein Buss- Fast- unnd Bättag ussschreiben.,1.1,Religionsangelegenheiten,Feiertage/Religiöse Feste,",Buß- & Bettag; Fastenzeit",,,,,,,,,,,,,,,,,,,,,,,,,,,,,,,,,,,,,,,,,,,,,,,,,,,,,,,,,,,,,,,,,,,,,,,,,,,,,,,,,,,,,,,,,,,,,,,,,,,,,,,,,,,,,,,,,,,,
BER.01.001.1662,BER.01.001,Schultheiß und Kleiner und Großer Rat der Stadt Bern,EV,1528,1798,BER,BER,01,Bern,Eidgenössischer Ort,WL,EV,7,Claudia Schott-Volm,1658-05-24T00:00:00Z,Verordnung,Payerne,Moudon,Oron,Veytaux,Aigle,Avenches,,,,,,,"StAB, A I 487, S. 2",StAB,A I 487,S. 2,Ein Collect [...] aufzenemmen.,1.1,Religionsangelegenheiten,Geistlichkeit,",Aufruf; Kollekte",,3.2,Sozialwesen,Armenwesen,",Kollekte",,,,,,,,,,,,,,,,,,,,,,,,,,,,,,,,,,,,,,,,,,,,,,,,,,,,,,,,,,,,,,,,,,,,,,,,,,,,,,,,,,,,,,,,,,,,,,,,,,,,,,,,,,,,,,,
BER.01.001.1676,BER.01.001,Schultheiß und Kleiner und Großer Rat der Stadt Bern,EV,1528,1798,BER,BER,01,Bern,Eidgenössischer Ort,WL,EV,7,Claudia Schott-Volm,1658-12-20T00:00:00Z,Verordnung,Münsingen,Thurnen,Gurzelen,Wanzenried,,,,,,,,,"StAB, A I 487, S. 26 f.",StAB,A I 487,S. 26 f.,Die Execution des Teüffer Mandats anbevelchen.,1.1,Religionsangelegenheiten,Sekten/Ketzerei,",Täufer; Überwachung; Versammlungsverbot",,,,,,,,,,,,,,,,,,,,,,,,,,,,,,,,,,,,,,,,,,,,,,,,,,,,,,,,,,,,,,,,,,,,,,,,,,,,,,,,,,,,,,,,,,,,,,,,,,,,,,,,,,,,,,,,,,,,
BER.01.001.1677,BER.01.001,Schultheiß und Kleiner und Großer Rat der Stadt Bern,EV,1528,1798,BER,BER,01,Bern,Eidgenössischer Ort,WL,EV,7,Claudia Schott-Volm,1658-12-20T00:00:00Z,Verordnung,Lenzburg,,,,,,,,,,,,"StAB, A I 487, S. 28 f.",StAB,A I 487,S. 28 f.,Der Widertöufferen halb.,1.1,Religionsangelegenheiten,Sekten/Ketzerei,",Täufer; Aufenthalt; Verbot; Fremde",,,,,,,,,,,,,,,,,,,,,,,,,,,,,,,,,,,,,,,,,,,,,,,,,,,,,,,,,,,,,,,,,,,,,,,,,,,,,,,,,,,,,,,,,,,,,,,,,,,,,,,,,,,,,,,,,,,,
BER.01.001.1720,BER.01.001,Schultheiß und Kleiner und Großer Rat der Stadt Bern,EV,1528,1798,BER,BER,01,Bern,Eidgenössischer Ort,WL,EV,7,Claudia Schott-Volm,1660-09-05T00:00:00Z,Verordnung,Höchstetten,,,,,,,,,,,,"StAB, A I 487, S. 103 f.",StAB,A I 487,S. 103 f.,Wegen der Teüfferen Wegzugs.,1.1,Religionsangelegenheiten,Sekten/Ketzerei,",Täufer; Aufenthalt; Verbot; Fremde",,,,,,,,,,,,,,,,,,,,,,,,,,,,,,,,,,,,,,,,,,,,,,,,,,,,,,,,,,,,,,,,,,,,,,,,,,,,,,,,,,,,,,,,,,,,,,,,,,,,,,,,,,,,,,,,,,,,
BER.01.001.1260,BER.01.001,Schultheiß und Kleiner und Großer Rat der Stadt Bern,EV,1528,1798,BER,BER,01,Bern,Eidgenössischer Ort,WL,EV,7,Claudia Schott-Volm,1661-08-23T00:00:00Z,Verordnung,Orpund,Gals,Münchenbuchsee,Fraubrunnen,,,,,,,,,"StAB, A I 487, S. 167 f.",StAB,A I 487,S. 167 f.,Mehrerer Erleüterung des Eidtenpuncktens ihres Eydts halber.,1.1,Religionsangelegenheiten,Klosterwesen/Orden,",Aufsicht; Klosterwesen; Vögte; Eidesformel",,3.2,Sozialwesen,Armenwesen,",Verwaltung; Mißbrauch",,,,,,,,,,,,,,,,,,,,,,,,,,,,,,,,,,,,,,,,,,,,,,,,,,,,,,,,,,,,,,,,,,,,,,,,,,,,,,,,,,,,,,,,,,,,,,,,,,,,,,,,,,,,,,,
BER.01.001.1265,BER.01.001,Schultheiß und Kleiner und Großer Rat der Stadt Bern,EV,1528,1798,BER,BER,01,Bern,Eidgenössischer Ort,WL,EV,7,Claudia Schott-Volm,1661-12-26T00:00:00Z,Verordnung,Langenthal,,,,,,,,,,,,"StAB, A I 487, S. 173",StAB,A I 487,S. 173,,1.1,Religionsangelegenheiten,Geistlichkeit,",Amtsausübung",,,,,,,,,,,,,,,,,,,,,,,,,,,,,,,,,,,,,,,,,,,,,,,,,,,,,,,,,,,,,,,,,,,,,,,,,,,,,,,,,,,,,,,,,,,,,,,,,,,,,,,,,,,,,,,,,,,,
BER.01.001.1270,BER.01.001,Schultheiß und Kleiner und Großer Rat der Stadt Bern,EV,1528,1798,BER,BER,01,Bern,Eidgenössischer Ort,WL,EV,7,Claudia Schott-Volm,1662-06-02T00:00:00Z,Verordnung,Bolligen,Stettlen,Köniz,Bümpliz,Muri,,,,,,,,"StAB, A I 487, S. 186",StAB,A I 487,S. 186,,1.1,Religionsangelegenheiten,Kirchenzucht,",Taufe; Hintersassen",,1.2,Bevölkerungs- und Standeswesen; Herrschaftsverfassung,Bürgerrecht,",Erwerb",,,,,,,,,,,,,,,,,,,,,,,,,,,,,,,,,,,,,,,,,,,,,,,,,,,,,,,,,,,,,,,,,,,,,,,,,,,,,,,,,,,,,,,,,,,,,,,,,,,,,,,,,,,,,,,
BER.01.001.1729,BER.01.001,Schultheiß und Kleiner und Großer Rat der Stadt Bern,EV,1528,1798,BER,BER,01,Bern,Eidgenössischer Ort,WL,EV,7,Claudia Schott-Volm,1663-11-30T00:00:00Z,Verordnung,Sternenberg,Seftigen,Signau,Laupen,Konolfingen,,,,,,,,"StAB, A I 487, S. 221",StAB,A I 487,S. 221,Wider etliche unnötige Breüch an Hochzyten.,1.1,Religionsangelegenheiten,Geistlichkeit,",Amtsausübung; Hochzeit; Gottesdienstgang",,1.1,Religionsangelegenheiten,Kirchenzucht,",Amtsausübung; Hochzeit; Gottesdienstgang",,,,,,,,,,,,,,,,,,,,,,,,,,,,,,,,,,,,,,,,,,,,,,,,,,,,,,,,,,,,,,,,,,,,,,,,,,,,,,,,,,,,,,,,,,,,,,,,,,,,,,,,,,,,,,,
BER.01.001.1739,BER.01.001,Schultheiß und Kleiner und Großer Rat der Stadt Bern,EV,1528,1798,BER,BER,01,Bern,Eidgenössischer Ort,WL,EV,7,Claudia Schott-Volm,1664-05-15T00:00:00Z,Ordnung,Murten,Schwarzenburg,,,,,,,,,,,"StAB, A I 487, S. 248-252",StAB,A I 487,S. 248-252,Weitere Fürsechung der Kinderlehren halb.,1.1,Religionsangelegenheiten,Religiöse Unterweisung,",Religionsunterricht; Sonntagsschule; Gottesdienst; Gebete",,1.5,Sittlichkeit; Ehe- und Familie; Sexualität,Familie/Eheführung,",Kindererziehung",,3.3,Erziehungswesen; Kultur,Schule,",Lehrpersonal; Lehrer; Ausbildung; Lehrplan; Lieder",,,,,,,,,,,,,,,,,,,,,,,,,,,,,,,,,,,,,,,,,,,,,,,,,,,,,,,,,,,,,,,,,,,,,,,,,,,,,,,,,,,,,,,,,,,,,,,,,,,,,,,,,,
BER.01.001.1796,BER.01.001,Schultheiß und Kleiner und Großer Rat der Stadt Bern,EV,1528,1798,BER,BER,01,Bern,Eidgenössischer Ort,WL,EV,7,Claudia Schott-Volm,1666-12-24T00:00:00Z,Verordnung,Gurzelen,Höchstetten,Signau,Laupen,Murten,Kehrsatz,,,,,,,"StAB, A I 487, S. 354",StAB,A I 487,S. 354,Das Wynaussgeben an Sontagen verpieten.,1.1,Religionsangelegenheiten,Sonntagsheiligung,",Vergnügungen; Alkoholkonsum",,4.6,Handel und Dienstleistungen,Bewirtung/Gaststätten,",Alkoholausschank",,,,,,,,,,,,,,,,,,,,,,,,,,,,,,,,,,,,,,,,,,,,,,,,,,,,,,,,,,,,,,,,,,,,,,,,,,,,,,,,,,,,,,,,,,,,,,,,,,,,,,,,,,,,,,,
BER.01.001.1811,BER.01.001,Schultheiß und Kleiner und Großer Rat der Stadt Bern,EV,1528,1798,BER,BER,01,Bern,Eidgenössischer Ort,WL,EV,7,Claudia Schott-Volm,1667-08-29T00:00:00Z,Verordnung,Kehrsatz,Thurnen,Wabern bei Bern,Stiftschaffner,Schwarzenburg,,,,,,,,"StAB, A I 487, S. 388 f.",StAB,A I 487,S. 388 f.,Den Schwinget hinder Rügisperg verpieten.,1.1,Religionsangelegenheiten,Sonntagsheiligung,",Spielen; Vergnügungen; Alkoholkonsum; Schwingetfest",,,,,,,,,,,,,,,,,,,,,,,,,,,,,,,,,,,,,,,,,,,,,,,,,,,,,,,,,,,,,,,,,,,,,,,,,,,,,,,,,,,,,,,,,,,,,,,,,,,,,,,,,,,,,,,,,,,,
BER.01.001.1865,BER.01.001,Schultheiß und Kleiner und Großer Rat der Stadt Bern,EV,1528,1798,BER,BER,01,Bern,Eidgenössischer Ort,WL,EV,7,Claudia Schott-Volm,1669-03-29T00:00:00Z,Verordnung,Lützelflüh,Signau,Thun,Burgdorf,,,,,,,,,"StAB, A I 487, S. 487 f.",StAB,A I 487,S. 487 f.,Wegen Inobservation der Erleüterung dess getrukten Töuffer-Mandats: So vil das Gutt betrifft.,1.1,Religionsangelegenheiten,Sekten/Ketzerei,",Täufer; Vermögen",,,,,,,,,,,,,,,,,,,,,,,,,,,,,,,,,,,,,,,,,,,,,,,,,,,,,,,,,,,,,,,,,,,,,,,,,,,,,,,,,,,,,,,,,,,,,,,,,,,,,,,,,,,,,,,,,,,,
BER.01.001.1905,BER.01.001,Schultheiß und Kleiner und Großer Rat der Stadt Bern,EV,1528,1798,BER,BER,01,Bern,Eidgenössischer Ort,WL,EV,7,Claudia Schott-Volm,1670-09-19T00:00:00Z,Verordnung,Konolfingen,Seftigen,,,,,,,,,,,"StAB, A I 487, S. 556 f.",StAB,A I 487,S. 556 f.,Der Teüfferen halb.,1.1,Religionsangelegenheiten,Sekten/Ketzerei,",Täufer",",Erläuterung S. 565-568: 07.01.1671.",,,,,,,,,,,,,,,,,,,,,,,,,,,,,,,,,,,,,,,,,,,,,,,,,,,,,,,,,,,,,,,,,,,,,,,,,,,,,,,,,,,,,,,,,,,,,,,,,,,,,,,,,,,,,,,,,,,
BER.01.001.1924,BER.01.001,Schultheiß und Kleiner und Großer Rat der Stadt Bern,EV,1528,1798,BER,BER,01,Bern,Eidgenössischer Ort,WL,EV,7,Claudia Schott-Volm,1671-08-24T00:00:00Z,Verordnung,Signau,,,,,,,,,,,,"StAB, A I 487, S. 600-602",StAB,A I 487,S. 600-602,Den frischen Endtschluss zur Execution überschreiben.,1.1,Religionsangelegenheiten,Sekten/Ketzerei,",Täufer; Überwachung; Ausweisung; Festnahme; Beherbergungsverbot",,,,,,,,,,,,,,,,,,,,,,,,,,,,,,,,,,,,,,,,,,,,,,,,,,,,,,,,,,,,,,,,,,,,,,,,,,,,,,,,,,,,,,,,,,,,,,,,,,,,,,,,,,,,,,,,,,,,
BER.01.001.2044,BER.01.001,Schultheiß und Kleiner und Großer Rat der Stadt Bern,EV,1528,1798,BER,BER,01,Bern,Eidgenössischer Ort,WL,EV,7,Claudia Schott-Volm,1675-07-19T00:00:00Z,Verordnung,Frutigen,,,,,,,,,,,,"StAB, A I 488, S. 131 f.",StAB,A I 488,S. 131 f.,Die Schaff-Scheide auff einen andern Tag abenderen.,1.1,Religionsangelegenheiten,Sonntagsheiligung,",Vergnügungen",,,,,,,,,,,,,,,,,,,,,,,,,,,,,,,,,,,,,,,,,,,,,,,,,,,,,,,,,,,,,,,,,,,,,,,,,,,,,,,,,,,,,,,,,,,,,,,,,,,,,,,,,,,,,,,,,,,,
BER.01.001.2045,BER.01.001,Schultheiß und Kleiner und Großer Rat der Stadt Bern,EV,1528,1798,BER,BER,01,Bern,Eidgenössischer Ort,WL,EV,7,Claudia Schott-Volm,1675-07-19T00:00:00Z,Verordnung,Unterseen,Oberhofen,Wimmis,Interlaken,,,,,,,,,"StAB, A I 488, S. 132",StAB,A I 488,S. 132,Sie dessen benachrichtigen.,1.1,Religionsangelegenheiten,Sonntagsheiligung,",Vergnügungen",,,,,,,,,,,,,,,,,,,,,,,,,,,,,,,,,,,,,,,,,,,,,,,,,,,,,,,,,,,,,,,,,,,,,,,,,,,,,,,,,,,,,,,,,,,,,,,,,,,,,,,,,,,,,,,,,,,,
BER.01.001.2087,BER.01.001,Schultheiß und Kleiner und Großer Rat der Stadt Bern,EV,1528,1798,BER,BER,01,Bern,Eidgenössischer Ort,WL,EV,7,Claudia Schott-Volm,1676-07-13T00:00:00Z,Verordnung,Bolligen,Muri,Bremgarten bei Bern,Vechigen,Köniz,Bümpliz,Stettlen,,,,,,"StAB, A I 488, S. 228 f.",StAB,A I 488,S. 228 f.,Die Kinder nit mehr alhar zur Touff zebringen.,1.1,Religionsangelegenheiten,Kirchenzucht,",Taufe; Kirchenzugehörigkeit",,,,,,,,,,,,,,,,,,,,,,,,,,,,,,,,,,,,,,,,,,,,,,,,,,,,,,,,,,,,,,,,,,,,,,,,,,,,,,,,,,,,,,,,,,,,,,,,,,,,,,,,,,,,,,,,,,,,
BER.01.001.2114,BER.01.001,Schultheiß und Kleiner und Großer Rat der Stadt Bern,EV,1528,1798,BER,BER,01,Bern,Eidgenössischer Ort,WL,EV,7,Claudia Schott-Volm,1677-03-26T00:00:00Z,Verordnung,Burgdorf,Aarberg,Nidau,Laupen,Erlach,Büren,Thun,,,,,,"StAB, A I 488, S. 279 f.",StAB,A I 488,S. 279 f.,Exception der Klein und Grossrähten im Catechisieren.,1.1,Religionsangelegenheiten,Religiöse Unterweisung,",Religionsunterricht; Ausnahmen",,,,,,,,,,,,,,,,,,,,,,,,,,,,,,,,,,,,,,,,,,,,,,,,,,,,,,,,,,,,,,,,,,,,,,,,,,,,,,,,,,,,,,,,,,,,,,,,,,,,,,,,,,,,,,,,,,,,
BER.01.001.2224,BER.01.001,Schultheiß und Kleiner und Großer Rat der Stadt Bern,EV,1528,1798,BER,BER,01,Bern,Eidgenössischer Ort,WL,EV,7,Claudia Schott-Volm,1680-12-21T00:00:00Z,Verordnung,Bernese Oberland,Emmental,,,,,,,,,,,"StAB, A I 488, S. 519 f.",StAB,A I 488,S. 519 f.,An Sontagen die Irigen nit auf die Bergen sonder in die Predigen zu schicken.,1.1,Religionsangelegenheiten,Sonntagsheiligung,",Vergnügungen; Gottesdienstgang",,,,,,,,,,,,,,,,,,,,,,,,,,,,,,,,,,,,,,,,,,,,,,,,,,,,,,,,,,,,,,,,,,,,,,,,,,,,,,,,,,,,,,,,,,,,,,,,,,,,,,,,,,,,,,,,,,,,
BER.01.001.2241,BER.01.001,Schultheiß und Kleiner und Großer Rat der Stadt Bern,EV,1528,1798,BER,BER,01,Bern,Eidgenössischer Ort,WL,EV,7,Claudia Schott-Volm,1681-05-28T00:00:00Z,Verordnung,Yverdon-les-Bains,Romainmôtier,,,,,,,,,,,"StAB, A I 488, S. 552 f.",StAB,A I 488,S. 552 f.,"1. Wie die Clahs sich deren halb, so ihre Religion zu abiuriren unndt die Unsere anzunemmen begehren, ze verhalten. 2. Wie weit die Feries in den h. Zeiten zu extendieren - wegen Hochzeithaltung und Annonce.",1.1,Religionsangelegenheiten,Feiertage/Religiöse Feste,",Verhalten",,1.1,Religionsangelegenheiten,Kirchenzucht,",Hochzeit; Anzeige; Aufwand; Kleidung; Ladschaften",,1.5,Sittlichkeit; Ehe- und Familie; Sexualität,Eheschließung,",Bedingungen",,,,,,,,,,,,,,,,,,,,,,,,,,,,,,,,,,,,,,,,,,,,,,,,,,,,,,,,,,,,,,,,,,,,,,,,,,,,,,,,,,,,,,,,,,,,,,,,,,,,,,,,,,
BER.01.001.2260,BER.01.001,Schultheiß und Kleiner und Großer Rat der Stadt Bern,EV,1528,1798,BER,BER,01,Bern,Eidgenössischer Ort,WL,EV,7,Claudia Schott-Volm,1681-09-19T00:00:00Z,Verordnung,Emmental,,,,,,,,,,,,"StAB, A I 488, S. 596 f.",StAB,A I 488,S. 596 f.,Abenderung dess Dionisii Signow Märit.,1.1,Religionsangelegenheiten,Feiertage/Religiöse Feste,",Markt",,4.6,Handel und Dienstleistungen,Markt/Messe,",Markttage",,,,,,,,,,,,,,,,,,,,,,,,,,,,,,,,,,,,,,,,,,,,,,,,,,,,,,,,,,,,,,,,,,,,,,,,,,,,,,,,,,,,,,,,,,,,,,,,,,,,,,,,,,,,,,,
BER.01.001.2294,BER.01.001,Schultheiß und Kleiner und Großer Rat der Stadt Bern,EV,1528,1798,BER,BER,01,Bern,Eidgenössischer Ort,WL,EV,7,Claudia Schott-Volm,1683-03-14T00:00:00Z,Verordnung,Lützelflüh,Trachselwald,Signau,Thun,,,,,,,,,"StAB, A I 488, S. 644 f.",StAB,A I 488,S. 644 f.,1. Wegen der Geiselschafft Cösten. 2. Die Teüffer Bussen betreffend.,1.1,Religionsangelegenheiten,Sekten/Ketzerei,",Täufer; Geisel; Beherbergung",,,,,,,,,,,,,,,,,,,,,,,,,,,,,,,,,,,,,,,,,,,,,,,,,,,,,,,,,,,,,,,,,,,,,,,,,,,,,,,,,,,,,,,,,,,,,,,,,,,,,,,,,,,,,,,,,,,,
BER.01.001.2295,BER.01.001,Schultheiß und Kleiner und Großer Rat der Stadt Bern,EV,1528,1798,BER,BER,01,Bern,Eidgenössischer Ort,WL,EV,7,Claudia Schott-Volm,1683-04-12T00:00:00Z,Verordnung,Payerne,Lausanne,Oron,Veytaux,Saanen,Aigle,Moudon,,,,,,"StAB, A I 488, S. 647",StAB,A I 488,S. 647,"Die Freyburgischen, so den Sonn- oder Sabattaag brechen, auch zustraffen.",1.1,Religionsangelegenheiten,Sonntagsheiligung,",Fremde; Buße",,,,,,,,,,,,,,,,,,,,,,,,,,,,,,,,,,,,,,,,,,,,,,,,,,,,,,,,,,,,,,,,,,,,,,,,,,,,,,,,,,,,,,,,,,,,,,,,,,,,,,,,,,,,,,,,,,,,
BER.01.001.2309,BER.01.001,Schultheiß und Kleiner und Großer Rat der Stadt Bern,EV,1528,1798,BER,BER,01,Bern,Eidgenössischer Ort,WL,EV,7,Claudia Schott-Volm,1683-09-25T00:00:00Z,Verordnung,Morges,Veytaux,Lausanne,Yverdon-les-Bains,Moudon,Romainmôtier,Nyon,,,,,,"StAB, A I 488, S. 664 f.",StAB,A I 488,S. 664 f.,Ihnen die francösischen reformirte Glaubensgnossen recommendiren undt zu befelchen denselben in ihren Ämbteren Retraitte zu gestatten.,1.1,Religionsangelegenheiten,Konfession,",Religionsausübung",,1.2,Bevölkerungs- und Standeswesen; Herrschaftsverfassung,Aufenthalt,",Beherbergung; Ausländer; Bedingungen",,,,,,,,,,,,,,,,,,,,,,,,,,,,,,,,,,,,,,,,,,,,,,,,,,,,,,,,,,,,,,,,,,,,,,,,,,,,,,,,,,,,,,,,,,,,,,,,,,,,,,,,,,,,,,,
BER.01.001.2365,BER.01.001,Schultheiß und Kleiner und Großer Rat der Stadt Bern,EV,1528,1798,BER,BER,01,Bern,Eidgenössischer Ort,WL,EV,7,Claudia Schott-Volm,1686-10-13T00:00:00Z,Verordnung,Konolfingen,,,,,,,,,,,,"StAB, A I 488, S. 752",StAB,A I 488,S. 752,Auff die Täuffer zuachten undt ob der Ordnung besser zuhalten.,1.1,Religionsangelegenheiten,Sekten/Ketzerei,",Täufer; Überwachung",,,,,,,,,,,,,,,,,,,,,,,,,,,,,,,,,,,,,,,,,,,,,,,,,,,,,,,,,,,,,,,,,,,,,,,,,,,,,,,,,,,,,,,,,,,,,,,,,,,,,,,,,,,,,,,,,,,,
BER.01.001.2359,BER.01.001,Schultheiß und Kleiner und Großer Rat der Stadt Bern,EV,1528,1798,BER,BER,01,Bern,Eidgenössischer Ort,WL,EV,7,Claudia Schott-Volm,1688-01-05T00:00:00Z,Verordnung,Burgdorf,Lützelflüh,Trachselwald,Signau,Thun,Konolfingen,Krauchthal,,,,,,"StAB, A I 488, S. 740 f.",StAB,A I 488,S. 740 f.,Auff die Widerteüffer Achtung zugeben.,1.1,Religionsangelegenheiten,Sekten/Ketzerei,",Täufer; Überwachung,Datum stimmt",,,,,,,,,,,,,,,,,,,,,,,,,,,,,,,,,,,,,,,,,,,,,,,,,,,,,,,,,,,,,,,,,,,,,,,,,,,,,,,,,,,,,,,,,,,,,,,,,,,,,,,,,,,,,,,,,,,,
BER.01.001.2417,BER.01.001,Schultheiß und Kleiner und Großer Rat der Stadt Bern,EV,1528,1798,BER,BER,01,Bern,Eidgenössischer Ort,WL,EV,7,Claudia Schott-Volm,1691-07-20T00:00:00Z,Verordnung,Oberhofen,Lützelflüh,Trachselwald,Signau,Burgdorf,Aarburg,Thun,,,,,,"StAB, A I 488, S. 856 f. & 987 f.",StAB,A I 488,S. 856 f. & 987 f.,Ihnen die Ordnung undt Mandat der Täufferen halb zuschicken.,1.1,Religionsangelegenheiten,Sekten/Ketzerei,",Täufer; Überwachung; Beherbergungsverbot; Bekehrung",,,,,,,,,,,,,,,,,,,,,,,,,,,,,,,,,,,,,,,,,,,,,,,,,,,,,,,,,,,,,,,,,,,,,,,,,,,,,,,,,,,,,,,,,,,,,,,,,,,,,,,,,,,,,,,,,,,,
BER.01.001.2490,BER.01.001,Schultheiß und Kleiner und Großer Rat der Stadt Bern,EV,1528,1798,BER,BER,01,Bern,Eidgenössischer Ort,WL,EV,7,Claudia Schott-Volm,1691-09-28T00:00:00Z,Verordnung,Oberhofen,Lützelflüh,Signau,Burgdorf,Aarburg,Thun,,,,,,,"StAB, A I 488, S. 990-992",StAB,A I 488,S. 990-992,Vernere Veranstaltung wegen der Teüfferen.,1.1,Religionsangelegenheiten,Sekten/Ketzerei,",Täufer; Vermögen; Beherbergungsverbot",,,,,,,,,,,,,,,,,,,,,,,,,,,,,,,,,,,,,,,,,,,,,,,,,,,,,,,,,,,,,,,,,,,,,,,,,,,,,,,,,,,,,,,,,,,,,,,,,,,,,,,,,,,,,,,,,,,,
BER.01.001.2432,BER.01.001,Schultheiß und Kleiner und Großer Rat der Stadt Bern,EV,1528,1798,BER,BER,01,Bern,Eidgenössischer Ort,WL,EV,7,Claudia Schott-Volm,1693-04-03T00:00:00Z,Ordnung,Burgdorf,Thun,Oberhofen,Trachselwald,Signau,Lützelflüh,Landshut,,,,,,"StAB, A I 488, S. 899-904",StAB,A I 488,S. 899-904,Teüffer abzeschaffen.,1.1,Religionsangelegenheiten,Sekten/Ketzerei,",Täufer; Überwachung; Beherbergungsverbot; Versorgung (ökonomisch, Nahrungsmittel",,,,,,,,,,,,,,,,,,,,,,,,,,,,,,,,,,,,,,,,,,,,,,,,,,,,,,,,,,,,,,,,,,,,,,,,,,,,,,,,,,,,,,,,,,,,,,,,,,,,,,,,,,,,,,,,,,,,
BER.01.001.2516,BER.01.001,Schultheiß und Kleiner und Großer Rat der Stadt Bern,EV,1528,1798,BER,BER,01,Bern,Eidgenössischer Ort,WL,EV,7,Claudia Schott-Volm,1693-05-31T00:00:00Z,Verordnung,Burgdorf,Lützelflüh,Trachselwald,Oberhofen,Wangen,Aarwangen,Bernese Oberland,Thun,,,,,"StAB, A I 490, S. 4-8",StAB,A I 490,S. 4-8,Wie die Täuffer zuvertreiben und ausszureüten.,1.1,Religionsangelegenheiten,Sekten/Ketzerei,",Aufenthalt; Verbot; Fremde; Versammlungsverbot; Überwachung; Täufer",,,,,,,,,,,,,,,,,,,,,,,,,,,,,,,,,,,,,,,,,,,,,,,,,,,,,,,,,,,,,,,,,,,,,,,,,,,,,,,,,,,,,,,,,,,,,,,,,,,,,,,,,,,,,,,,,,,,
BER.01.001.2590,BER.01.001,Schultheiß und Kleiner und Großer Rat der Stadt Bern,EV,1528,1798,BER,BER,01,Bern,Eidgenössischer Ort,WL,EV,7,Claudia Schott-Volm,1695-04-18T00:00:00Z,Verordnung,Bern,,,,,,,,,,,,"StAB, A I 490, S. 169 f.",StAB,A I 490,S. 169 f.,Dass die Haussleüht und Küher umb die Statt huldigen söllend wegen der Widertäufferey.,1.1,Religionsangelegenheiten,Sekten/Ketzerei,",Täufer",,1.2,Bevölkerungs- und Standeswesen; Herrschaftsverfassung,Huldigung,,,,,,,,,,,,,,,,,,,,,,,,,,,,,,,,,,,,,,,,,,,,,,,,,,,,,,,,,,,,,,,,,,,,,,,,,,,,,,,,,,,,,,,,,,,,,,,,,,,,,,,,,,,,,,,,
BER.01.001.2674,BER.01.001,Schultheiß und Kleiner und Großer Rat der Stadt Bern,EV,1528,1798,BER,BER,01,Bern,Eidgenössischer Ort,WL,EV,7,Claudia Schott-Volm,1698-04-12T00:00:00Z,Verordnung,Schwarzenburg,Thun,,,,,,,,,,,"StAB, A I 490, S. 345-347",StAB,A I 490,S. 345-347,,1.1,Religionsangelegenheiten,Kirchenzucht,",Pfarrei; Zugehörigkeit",,,,,,,,,,,,,,,,,,,,,,,,,,,,,,,,,,,,,,,,,,,,,,,,,,,,,,,,,,,,,,,,,,,,,,,,,,,,,,,,,,,,,,,,,,,,,,,,,,,,,,,,,,,,,,,,,,,,
BER.01.001.2897,BER.01.001,Schultheiß und Kleiner und Großer Rat der Stadt Bern,EV,1528,1798,BER,BER,01,Bern,Eidgenössischer Ort,WL,EV,7,Claudia Schott-Volm,1706-07-19T00:00:00Z,Verordnung,Murten,Echallens,,,,,,,,,,,"StAB, A I 491, S. 84 f.",StAB,A I 491,S. 84 f.,Den allgemeinen Bättag ussschreiben.,1.1,Religionsangelegenheiten,Feiertage/Religiöse Feste,",Buß- & Bettag; Fastenzeit",,,,,,,,,,,,,,,,,,,,,,,,,,,,,,,,,,,,,,,,,,,,,,,,,,,,,,,,,,,,,,,,,,,,,,,,,,,,,,,,,,,,,,,,,,,,,,,,,,,,,,,,,,,,,,,,,,,,
BER.01.001.2915,BER.01.001,Schultheiß und Kleiner und Großer Rat der Stadt Bern,EV,1528,1798,BER,BER,01,Bern,Eidgenössischer Ort,WL,EV,7,Claudia Schott-Volm,1707-06-07T00:00:00Z,Ordnung,Schwarzenburg,,,,,,,,,,,,"StAB, A I 491, S. 134-138",StAB,A I 491,S. 134-138,Ihnen die Publication der letst in Truk aussgebener Teüffer-Ordnung und derselben Handtobhaltung anbefehlen.,1.1,Religionsangelegenheiten,Geistlichkeit,",Predigt; Amtsausübung; Amtsführung; Aufsicht",,2.4,Policey der Verwaltung und Justiz,Bekanntmachungswesen,",Kanzelverkündung; Täuferordnung",,,,,,,,,,,,,,,,,,,,,,,,,,,,,,,,,,,,,,,,,,,,,,,,,,,,,,,,,,,,,,,,,,,,,,,,,,,,,,,,,,,,,,,,,,,,,,,,,,,,,,,,,,,,,,,
BER.01.001.3003,BER.01.001,Schultheiß und Kleiner und Großer Rat der Stadt Bern,EV,1528,1798,BER,BER,01,Bern,Eidgenössischer Ort,WL,EV,7,Claudia Schott-Volm,1709-12-28T00:00:00Z,Verordnung,Grandson,,,,,,,,,,,,"StAB, A I 491, S. 332-334",StAB,A I 491,S. 332-334,Wegen den Teüfferscheinen.,1.1,Religionsangelegenheiten,Sekten/Ketzerei,",Täufer; Aufenthalt; Verbot; Fremde",,1.2,Bevölkerungs- und Standeswesen; Herrschaftsverfassung,Aufenthalt,",Bedingungen",,4.4,Arbeitsordnung,Dienstboten/Gesinde,",Zeugnispflicht",,,,,,,,,,,,,,,,,,,,,,,,,,,,,,,,,,,,,,,,,,,,,,,,,,,,,,,,,,,,,,,,,,,,,,,,,,,,,,,,,,,,,,,,,,,,,,,,,,,,,,,,,,
BER.01.001.3004,BER.01.001,Schultheiß und Kleiner und Großer Rat der Stadt Bern,EV,1528,1798,BER,BER,01,Bern,Eidgenössischer Ort,WL,EV,7,Claudia Schott-Volm,1709-12-28T00:00:00Z,Verordnung,Thun,Oberhofen,Emmental,,,,,,,,,,"StAB, A I 491, S. 334 f.",StAB,A I 491,S. 334 f.,Wegen Teüfferen.,1.1,Religionsangelegenheiten,Sekten/Ketzerei,",Täufer; Beherbergungsverbot",,,,,,,,,,,,,,,,,,,,,,,,,,,,,,,,,,,,,,,,,,,,,,,,,,,,,,,,,,,,,,,,,,,,,,,,,,,,,,,,,,,,,,,,,,,,,,,,,,,,,,,,,,,,,,,,,,,,
BER.01.001.2998,BER.01.001,Schultheiß und Kleiner und Großer Rat der Stadt Bern,EV,1528,1798,BER,BER,01,Bern,Eidgenössischer Ort,WL,EV,7,Claudia Schott-Volm,1710-01-02T00:00:00Z,Verordnung,Bern,,,,,,,,,,,,"StAB, A I 491, S. 322",StAB,A I 491,S. 322,An Herrn Decanum allhier.,1.1,Religionsangelegenheiten,Geistlichkeit,",Amtsausübung; Amtsführung; Aufsicht",,,,,,,,,,,,,,,,,,,,,,,,,,,,,,,,,,,,,,,,,,,,,,,,,,,,,,,,,,,,,,,,,,,,,,,,,,,,,,,,,,,,,,,,,,,,,,,,,,,,,,,,,,,,,,,,,,,,
BER.01.001.3049,BER.01.001,Schultheiß und Kleiner und Großer Rat der Stadt Bern,EV,1528,1798,BER,BER,01,Bern,Eidgenössischer Ort,WL,EV,7,Claudia Schott-Volm,1711-03-21T00:00:00Z,Verordnung,Zofingen,Orpund,,,,,,,,,,,"StAB, A I 491, S. 413 f.",StAB,A I 491,S. 413 f.,Die Capitulhaltung aussschreiben.,1.1,Religionsangelegenheiten,Kirchenorganisation,",Kapitel",,2.4,Policey der Verwaltung und Justiz,Amtsführung/Amtsmißbrauch,",Amtleute; Aufgaben; Kapitel",,,,,,,,,,,,,,,,,,,,,,,,,,,,,,,,,,,,,,,,,,,,,,,,,,,,,,,,,,,,,,,,,,,,,,,,,,,,,,,,,,,,,,,,,,,,,,,,,,,,,,,,,,,,,,,
BER.01.001.3297,BER.01.001,Schultheiß und Kleiner und Großer Rat der Stadt Bern,EV,1528,1798,BER,BER,01,Bern,Eidgenössischer Ort,WL,EV,7,Claudia Schott-Volm,1719-09-11T00:00:00Z,Verordnung,Oberaargau,Bernese Oberland,Büren,Schwarzenburg,Emmental,,,,,,,,"StAB, A I 492, S. 528-530",StAB,A I 492,S. 528-530,Wegen verbürgeten Täuffer Weiberen.,1.1,Religionsangelegenheiten,Sekten/Ketzerei,",Täufer; Aufenthalt; Verbot; Fremde; Versammlungsverbot; Überwachung; Landesverweisung; Frist",,,,,,,,,,,,,,,,,,,,,,,,,,,,,,,,,,,,,,,,,,,,,,,,,,,,,,,,,,,,,,,,,,,,,,,,,,,,,,,,,,,,,,,,,,,,,,,,,,,,,,,,,,,,,,,,,,,,
BER.01.001.3311,BER.01.001,Schultheiß und Kleiner und Großer Rat der Stadt Bern,EV,1528,1798,BER,BER,01,Bern,Eidgenössischer Ort,WL,EV,7,Claudia Schott-Volm,1720-03-12T00:00:00Z,Verordnung,Oberaargau,Bernese Oberland,Büren,Schwarzenburg,Emmental,,,,,,,,"StAB, A I 492, S. 561-563",StAB,A I 492,S. 561-563,Wegen denen verbürgeten Täufferweiberen.,1.1,Religionsangelegenheiten,Sekten/Ketzerei,",Täufer; Landesverweisung; Festnahme; Güter",,,,,,,,,,,,,,,,,,,,,,,,,,,,,,,,,,,,,,,,,,,,,,,,,,,,,,,,,,,,,,,,,,,,,,,,,,,,,,,,,,,,,,,,,,,,,,,,,,,,,,,,,,,,,,,,,,,,
BER.01.001.3314,BER.01.001,Schultheiß und Kleiner und Großer Rat der Stadt Bern,EV,1528,1798,BER,BER,01,Bern,Eidgenössischer Ort,WL,EV,7,Claudia Schott-Volm,1720-04-10T00:00:00Z,Verordnung,Erlach,Gals,Büren,Nidau,,,,,,,,,"StAB, A I 492, S. 572-574",StAB,A I 492,S. 572-574,"Die Undterthanen zu verwahrnen, sich nit in die Mississippianische Compagney zu begeben.",1.1,Religionsangelegenheiten,Konfession,",Religionsausübung; Einschränkung",,2.2,Öffentliche Sicherheit; Kriminalität,Kriegslauf/Kriegsdienst,",Verbot",,,,,,,,,,,,,,,,,,,,,,,,,,,,,,,,,,,,,,,,,,,,,,,,,,,,,,,,,,,,,,,,,,,,,,,,,,,,,,,,,,,,,,,,,,,,,,,,,,,,,,,,,,,,,,,
BER.01.001.3451,BER.01.001,Schultheiß und Kleiner und Großer Rat der Stadt Bern,EV,1528,1798,BER,BER,01,Bern,Eidgenössischer Ort,WL,EV,7,Claudia Schott-Volm,1724-08-24T00:00:00Z,Verordnung,Echallens,Grandson,Saanen,Ählen,Murten,,,,,,,,"StAB, A I 493, S. 231 f.",StAB,A I 493,S. 231 f.,Ihnen die neü eingerichtete Lythurgey W. Lands zuschiken.,1.1,Religionsangelegenheiten,Kirchenorganisation,",Liturgie",,,,,,,,,,,,,,,,,,,,,,,,,,,,,,,,,,,,,,,,,,,,,,,,,,,,,,,,,,,,,,,,,,,,,,,,,,,,,,,,,,,,,,,,,,,,,,,,,,,,,,,,,,,,,,,,,,,,
BER.01.001.3504,BER.01.001,Schultheiß und Kleiner und Großer Rat der Stadt Bern,EV,1528,1798,BER,BER,01,Bern,Eidgenössischer Ort,WL,EV,7,Claudia Schott-Volm,1726-05-01T00:00:00Z,Verordnung,Zofingen,Orpund,,,,,,,,,,,"StAB, A I 493, S. 497",StAB,A I 493,S. 497,Ihnen zubefehlen denen Capitlen byzewohnen.,1.1,Religionsangelegenheiten,Kirchenorganisation,",Kapitel",,2.4,Policey der Verwaltung und Justiz,Amtsführung/Amtsmißbrauch,",Amtleute; Aufgaben; Kapitel",,,,,,,,,,,,,,,,,,,,,,,,,,,,,,,,,,,,,,,,,,,,,,,,,,,,,,,,,,,,,,,,,,,,,,,,,,,,,,,,,,,,,,,,,,,,,,,,,,,,,,,,,,,,,,,
BER.01.001.3572,BER.01.001,Schultheiß und Kleiner und Großer Rat der Stadt Bern,EV,1528,1798,BER,BER,01,Bern,Eidgenössischer Ort,WL,EV,7,Claudia Schott-Volm,1728-08-25T00:00:00Z,Verordnung,Schwarzenburg,,,,,,,,,,,,"StAB, A I 493, S. 881-883",StAB,A I 493,S. 881-883,Ihnen der neüwgetrukten Biblen halb Instruction ertheilen.,1.1,Religionsangelegenheiten,Religiöse Unterweisung,",Bibel; Verteilung",,4.3,'Industrielle' Produktion,Verlagswesen,",Bibel",,,,,,,,,,,,,,,,,,,,,,,,,,,,,,,,,,,,,,,,,,,,,,,,,,,,,,,,,,,,,,,,,,,,,,,,,,,,,,,,,,,,,,,,,,,,,,,,,,,,,,,,,,,,,,,
BER.01.001.3599,BER.01.001,Schultheiß und Kleiner und Großer Rat der Stadt Bern,EV,1528,1798,BER,BER,01,Bern,Eidgenössischer Ort,WL,EV,7,Claudia Schott-Volm,1729-07-11T00:00:00Z,Verordnung,Echallens,Schwarzenburg,Grandson,Murten,,,,,,,,,"StAB, A I 494, S. 5 f.",StAB,A I 494,S. 5 f.,Den Bättag [...] aussschreiben.,1.1,Religionsangelegenheiten,Feiertage/Religiöse Feste,",Buß- & Bettag; Fastenzeit,Nächster Bettag 1730, nicht mehr aufgenommen nach Absprache mit Herrn Härter",,,,,,,,,,,,,,,,,,,,,,,,,,,,,,,,,,,,,,,,,,,,,,,,,,,,,,,,,,,,,,,,,,,,,,,,,,,,,,,,,,,,,,,,,,,,,,,,,,,,,,,,,,,,,,,,,,,,
BER.01.001.3633,BER.01.001,Schultheiß und Kleiner und Großer Rat der Stadt Bern,EV,1528,1798,BER,BER,01,Bern,Eidgenössischer Ort,WL,EV,7,Claudia Schott-Volm,1731-06-18T00:00:00Z,Verordnung,Emmental,Bernese Oberland,Yverdon-les-Bains,Romainmôtier,Nyon,Oberaargau,,,,,,,"StAB, A I 494, S. 238 f.",StAB,A I 494,S. 238 f.,Wegen denen Täufferen.,1.1,Religionsangelegenheiten,Sekten/Ketzerei,",Täufer; Überwachung",,,,,,,,,,,,,,,,,,,,,,,,,,,,,,,,,,,,,,,,,,,,,,,,,,,,,,,,,,,,,,,,,,,,,,,,,,,,,,,,,,,,,,,,,,,,,,,,,,,,,,,,,,,,,,,,,,,,
BER.01.001.3658,BER.01.001,Schultheiß und Kleiner und Großer Rat der Stadt Bern,EV,1528,1798,BER,BER,01,Bern,Eidgenössischer Ort,WL,EV,7,Claudia Schott-Volm,1733-02-09T00:00:00Z,Verordnung,Bern,,,,,,,,,,,,"StAB, A I 494, S. 410 f.",StAB,A I 494,S. 410 f.,Ihnen das lange Predigen verbieten.,1.1,Religionsangelegenheiten,Geistlichkeit,",Predigt",,,,,,,,,,,,,,,,,,,,,,,,,,,,,,,,,,,,,,,,,,,,,,,,,,,,,,,,,,,,,,,,,,,,,,,,,,,,,,,,,,,,,,,,,,,,,,,,,,,,,,,,,,,,,,,,,,,,
BER.01.001.3691,BER.01.001,Schultheiß und Kleiner und Großer Rat der Stadt Bern,EV,1528,1798,BER,BER,01,Bern,Eidgenössischer Ort,WL,EV,7,Claudia Schott-Volm,1734-07-10T00:00:00Z,Verordnung,Bernese Oberland,Emmental,,,,,,,,,,,"StAB, A I 494, S. 650 f.",StAB,A I 494,S. 650 f.,Wegen täufferischen Versamblungen.,1.1,Religionsangelegenheiten,Sekten/Ketzerei,",Täufer; Versammlungsverbot",,,,,,,,,,,,,,,,,,,,,,,,,,,,,,,,,,,,,,,,,,,,,,,,,,,,,,,,,,,,,,,,,,,,,,,,,,,,,,,,,,,,,,,,,,,,,,,,,,,,,,,,,,,,,,,,,,,,
BER.01.001.3810,BER.01.001,Schultheiß und Kleiner und Großer Rat der Stadt Bern,EV,1528,1798,BER,BER,01,Bern,Eidgenössischer Ort,WL,EV,7,Claudia Schott-Volm,1741-01-13T00:00:00Z,Verordnung,Saanen,Aigle,,,,,,,,,,,"StAB, A I 496, S. 189-191",StAB,A I 496,S. 189-191,Wein Debite der Welschen Predigkanten halber.,1.1,Religionsangelegenheiten,Geistlichkeit,",Wein; Verkauf",,,,,,,,,,,,,,,,,,,,,,,,,,,,,,,,,,,,,,,,,,,,,,,,,,,,,,,,,,,,,,,,,,,,,,,,,,,,,,,,,,,,,,,,,,,,,,,,,,,,,,,,,,,,,,,,,,,,
BER.01.001.4011,BER.01.001,Schultheiß und Kleiner und Großer Rat der Stadt Bern,EV,1528,1798,BER,BER,01,Bern,Eidgenössischer Ort,WL,EV,7,Claudia Schott-Volm,1752-06-20T00:00:00Z,Verordnung,Burgdorf,,,,,,,,,,,,"StAB, A I 498, S. 243-245",StAB,A I 498,S. 243-245,,1.1,Religionsangelegenheiten,Kirchenorganisation,",Gottesdienstgang; Predigt; Visitation",,1.1,Religionsangelegenheiten,Religiöse Unterweisung,",Gottesdienstgang; Predigt; Visitation",,1.1,Religionsangelegenheiten,Sonntagsheiligung,",Gottesdienstgang; Predigt; Visitation",,,,,,,,,,,,,,,,,,,,,,,,,,,,,,,,,,,,,,,,,,,,,,,,,,,,,,,,,,,,,,,,,,,,,,,,,,,,,,,,,,,,,,,,,,,,,,,,,,,,,,,,,,
BER.01.001.4020,BER.01.001,Schultheiß und Kleiner und Großer Rat der Stadt Bern,EV,1528,1798,BER,BER,01,Bern,Eidgenössischer Ort,WL,EV,7,Claudia Schott-Volm,1753-01-25T00:00:00Z,Verordnung,Emmental,Laupen,Bernese Oberland,Burgdorf,Schwarzenburg,,,,,,,,"StAB, A I 498, S. 375-388",StAB,A I 498,S. 375-388,Verordnung wegen denen Sectiereren.,1.1,Religionsangelegenheiten,Konfession,",Versammlungsverbot; Verbot",,1.1,Religionsangelegenheiten,Sekten/Ketzerei,",Versammlungsverbot; Verbot",,,,,,,,,,,,,,,,,,,,,,,,,,,,,,,,,,,,,,,,,,,,,,,,,,,,,,,,,,,,,,,,,,,,,,,,,,,,,,,,,,,,,,,,,,,,,,,,,,,,,,,,,,,,,,,
BER.01.001.4145,BER.01.001,Schultheiß und Kleiner und Großer Rat der Stadt Bern,EV,1528,1798,BER,BER,01,Bern,Eidgenössischer Ort,WL,EV,7,Claudia Schott-Volm,1757-0-0,Chorgerichtssatzung,Grandson,Echallens,Murten,,,,,,,,,,"StAB, A I 499, gedruckte Einlage ab S. 567",StAB,A I 499,gedruckte Einlage ab S. 567,"Chorgricht-Satzung für die drey Gemeine Aemter Murten, Grandson und Tscherlitz.",1.1,Religionsangelegenheiten,Gotteslästerung,",Schwören & Fluchen",,1.5,Sittlichkeit; Ehe- und Familie; Sexualität,Eheschließung,",Bedingungen; Arme; Minderjährige; Verbot; Außerterritorial",,1.5,Sittlichkeit; Ehe- und Familie; Sexualität,Ehebruch,",Bedingungen; Arme; Minderjährige; Verbot; Außerterritorial",,1.5,Sittlichkeit; Ehe- und Familie; Sexualität,Ehescheidung,",Bedingungen; Verbot",,1.5,Sittlichkeit; Ehe- und Familie; Sexualität,Familie/Eheführung,",Kindererziehung",,1.5,Sittlichkeit; Ehe- und Familie; Sexualität,Unzucht,",Hurerei; Außerehelicher Geschlechtsverkehr; Verführung",,2.1,Vergnügungen; Öffentliche Leichtfertigkeit,Aberglaube,",Wahrsagerei",,2.1,Vergnügungen; Öffentliche Leichtfertigkeit,Glücksspiel,",Verbot",,2.1,Vergnügungen; Öffentliche Leichtfertigkeit,Tanzen,",Hochzeit; Verbot",,2.1,Vergnügungen; Öffentliche Leichtfertigkeit,Umzüge/Feste,",Fastnacht; Zusammenkünfte; Mummenschanz",,2.4,Policey der Verwaltung und Justiz,Zuständigkeiten Gerichte,",Gericht; Chorgericht",,,,,,,,,,,,,,,,,,,,,,,,,,,,,,,,,,,,,,,,,,,,,,,,,,,,,,,,,,,,,,,,,,
BER.01.001.4081,BER.01.001,Schultheiß und Kleiner und Großer Rat der Stadt Bern,EV,1528,1798,BER,BER,01,Bern,Eidgenössischer Ort,WL,EV,7,Claudia Schott-Volm,1757-03-07T00:00:00Z,Verordnung,Yverdon-les-Bains,Romainmôtier,,,,,,,,,,,"StAB, A I 499, S. 120 f.",StAB,A I 499,S. 120 f.,Wie es wegen Haltung dess Kelchs bey der Communion zu observieren.,1.1,Religionsangelegenheiten,Kirchenzucht,",Sakramente (Einhaltung",,,,,,,,,,,,,,,,,,,,,,,,,,,,,,,,,,,,,,,,,,,,,,,,,,,,,,,,,,,,,,,,,,,,,,,,,,,,,,,,,,,,,,,,,,,,,,,,,,,,,,,,,,,,,,,,,,,,
BER.01.001.4197,BER.01.001,Schultheiß und Kleiner und Großer Rat der Stadt Bern,EV,1528,1798,BER,BER,01,Bern,Eidgenössischer Ort,WL,EV,7,Claudia Schott-Volm,1764-02-27T00:00:00Z,Verordnung,Bern,,,,,,,,,,,,"StAB, A I 501, S. 282",StAB,A I 501,S. 282,Verbott des Spihlens an Sonn- und Feyrtagen.,1.1,Religionsangelegenheiten,Feiertage/Religiöse Feste,",Spielen; Vergnügungen",,1.1,Religionsangelegenheiten,Sonntagsheiligung,",Spielen; Vergnügungen",,,,,,,,,,,,,,,,,,,,,,,,,,,,,,,,,,,,,,,,,,,,,,,,,,,,,,,,,,,,,,,,,,,,,,,,,,,,,,,,,,,,,,,,,,,,,,,,,,,,,,,,,,,,,,,
BER.01.001.4328,BER.01.001,Schultheiß und Kleiner und Großer Rat der Stadt Bern,EV,1528,1798,BER,BER,01,Bern,Eidgenössischer Ort,WL,EV,7,Claudia Schott-Volm,1771-12-18T00:00:00Z,Verordnung,Lausanne,Oron,Yverdon-les-Bains,Moudon,Payerne,Avenches,Vevey,,,,,,"StAB, A I 504, S. 403-405 &408-411",StAB,A I 504,S. 403-405 &408-411,"Ihnen den zwischen MngH. und lobl. Stand Freyburg in Annis 1678. et 1757. getroffenen Verglich, wegen Fuhrungen an Sonn- und Fästtagen Copeyen zusenden um darob Hand obzuhalten.",1.1,Religionsangelegenheiten,Feiertage/Religiöse Feste,",Handelswege",,1.1,Religionsangelegenheiten,Sonntagsheiligung,",Handelswege",,4.6,Handel und Dienstleistungen,Handelsbedingungen,",Binnenhandel; Handelswege",,,,,,,,,,,,,,,,,,,,,,,,,,,,,,,,,,,,,,,,,,,,,,,,,,,,,,,,,,,,,,,,,,,,,,,,,,,,,,,,,,,,,,,,,,,,,,,,,,,,,,,,,,
BER.01.001.4477,BER.01.001,Schultheiß und Kleiner und Großer Rat der Stadt Bern,EV,1528,1798,BER,BER,01,Bern,Eidgenössischer Ort,WL,EV,7,Claudia Schott-Volm,1780-02-22T00:00:00Z,Verordnung,Schwarzenburg,Echallens,Grandson,Murten,,,,,,,,,"StAB, A I 507, S. 346 f.",StAB,A I 507,S. 346 f.,"Die Pfarrhrn. sollen alle Jahr die in ihren Kirchen vorgefallenen Einsegnungen von Ehen hiesiger Burger und ewigen Einwohneren, Mhwh. des Oberen Chorgrichts einberichten; anbey eine Verzeichniss seit dem Jahre 1650 von dergleichen Copulationen, biss 8. April einsenden.",1.1,Religionsangelegenheiten,Geistlichkeit,",Amtsausübung; Amtsführung",,1.2,Bevölkerungs- und Standeswesen; Herrschaftsverfassung,Standeswesen,",Heirat; Register; Beurkundung",,,,,,,,,,,,,,,,,,,,,,,,,,,,,,,,,,,,,,,,,,,,,,,,,,,,,,,,,,,,,,,,,,,,,,,,,,,,,,,,,,,,,,,,,,,,,,,,,,,,,,,,,,,,,,,
BER.01.001.4810,BER.01.001,Schultheiß und Kleiner und Großer Rat der Stadt Bern,EV,1528,1798,BER,BER,01,Bern,Eidgenössischer Ort,WL,EV,7,Claudia Schott-Volm,1796-06-30T00:00:00Z,Verordnung,Schwarzenburg,Grandson,Echallens,Orbe,Murten,,,,,,,,"StAB, A I 513, S. 362 f.",StAB,A I 513,S. 362 f.,"Verbott aller Handarbeiten an Sontagen, dringende Notfälle ausgenommen.",1.1,Religionsangelegenheiten,Feiertage/Religiöse Feste,",Sonntagsarbeit; Genehmigung",,1.1,Religionsangelegenheiten,Sonntagsheiligung,",Sonntagsarbeit; Genehmigung",,,,,,,,,,,,,,,,,,,,,,,,,,,,,,,,,,,,,,,,,,,,,,,,,,,,,,,,,,,,,,,,,,,,,,,,,,,,,,,,,,,,,,,,,,,,,,,,,,,,,,,,,,,,,,,
